,time,runtime,pipeline,default_hp,accuracy,new_best,evaluation_report,status,exception,data-pre-processor_class,data-pre-processor_hps,feature-pre-processor_class,feature-pre-processor_hps,learner_class,learner_hps
0,1720629659.0790677,0.1991736888885498,"Pipeline(steps=[('learner', ExtraTreesClassifier())])",True,0.792,True,"{'accuracy': [0.76, 0.68, 0.92, 0.8, 0.8]}",ok,,,,,,sklearn.ensemble._forest.ExtraTreesClassifier,
1,1720629659.4373236,0.35737013816833496,"Pipeline(steps=[('learner', RandomForestClassifier())])",True,0.808,True,"{'accuracy': [0.72, 0.84, 0.8, 0.96, 0.72]}",ok,,,,,,sklearn.ensemble._forest.RandomForestClassifier,
2,1720629659.9357512,0.49717044830322266,"Pipeline(steps=[('learner', HistGradientBoostingClassifier())])",True,0.776,False,"{'accuracy': [0.64, 0.92, 0.84, 0.72, 0.76]}",ok,,,,,,sklearn.ensemble.HistGradientBoostingClassifier,
3,1720629659.9456658,0.009388446807861328,"Pipeline(steps=[('learner', BernoulliNB())])",True,0.744,False,"{'accuracy': [0.84, 0.64, 0.68, 0.8, 0.76]}",ok,,,,,,sklearn.naive_bayes.BernoulliNB,
4,1720629660.004098,0.05781197547912598,"Pipeline(steps=[('learner', DecisionTreeClassifier())])",True,0.768,False,"{'accuracy': [0.72, 0.8, 0.88, 0.68, 0.76]}",ok,,,,,,sklearn.tree._classes.DecisionTreeClassifier,
5,1720629660.0110488,0.006620168685913086,"Pipeline(steps=[('learner', GaussianNB())])",True,0.648,False,"{'accuracy': [0.6, 0.68, 0.68, 0.68, 0.6]}",ok,,,,,,sklearn.naive_bayes.GaussianNB,
6,1720629660.0259407,0.014475584030151367,"Pipeline(steps=[('learner', KNeighborsClassifier())])",True,0.704,False,"{'accuracy': [0.76, 0.76, 0.68, 0.64, 0.68]}",ok,,,,,,sklearn.neighbors._classification.KNeighborsClassifier,
7,1720629660.6553993,0.6289920806884766,"Pipeline(steps=[('learner', LinearDiscriminantAnalysis())])",True,0.688,False,"{'accuracy': [0.72, 0.64, 0.8, 0.72, 0.56]}",ok,,,,,,sklearn.discriminant_analysis.LinearDiscriminantAnalysis,
8,1720629660.7460592,0.09010100364685059,"Pipeline(steps=[('learner', QuadraticDiscriminantAnalysis())])",True,0.512,False,"{'accuracy': [0.44, 0.52, 0.36, 0.56, 0.68]}",ok,,,,,,sklearn.discriminant_analysis.QuadraticDiscriminantAnalysis,
9,1720629663.9408479,3.1932151317596436,"Pipeline(steps=[('learner', SVC(kernel='linear'))])",True,0.632,False,"{'accuracy': [0.56, 0.68, 0.6, 0.6, 0.72]}",ok,,,,,,sklearn.svm._classes.SVC,
10,1720629663.9676194,0.025502681732177734,"Pipeline(steps=[('learner', SVC())])",True,0.536,False,"{'accuracy': [0.56, 0.52, 0.6, 0.52, 0.48]}",ok,,,,,,sklearn.svm._classes.SVC,
11,1720629663.9999104,0.030897855758666992,"Pipeline(steps=[('learner', SVC(kernel='poly'))])",True,0.528,False,"{'accuracy': [0.52, 0.52, 0.56, 0.52, 0.52]}",ok,,,,,,sklearn.svm._classes.SVC,
12,1720629664.025618,0.024456501007080078,"Pipeline(steps=[('learner', SVC(kernel='sigmoid'))])",True,0.592,False,"{'accuracy': [0.6, 0.52, 0.64, 0.6, 0.6]}",ok,,,,,,sklearn.svm._classes.SVC,
13,1720629665.182666,1.1555805206298828,"Pipeline(steps=[('learner', MLPClassifier())])",True,0.488,False,"{'accuracy': [0.48, 0.56, 0.48, 0.56, 0.36]}",ok,,,,,,sklearn.neural_network._multilayer_perceptron.MLPClassifier,
14,1720629665.1865993,0.0031766891479492188,"Pipeline(steps=[('learner', MultinomialNB())])",True,,False,,exception,"Traceback (most recent call last):
  File ""/home/till/PycharmProjects/watchplant_classification/venv/lib/python3.10/site-packages/naiveautoml/commons.py"", line 168, in evaluate
    scores, evaluation_report = self.evaluation_fun(pl, self.X, self.y, [self.scoring] + self.side_scores)
  File ""/home/till/PycharmProjects/watchplant_classification/venv/lib/python3.10/site-packages/naiveautoml/evaluators.py"", line 95, in __call__
    scores = self.evaluate_splits(
  File ""/home/till/PycharmProjects/watchplant_classification/venv/lib/python3.10/site-packages/naiveautoml/evaluators.py"", line 121, in evaluate_splits
    split_results = self.evaluate_split(
  File ""/home/till/PycharmProjects/watchplant_classification/venv/lib/python3.10/site-packages/naiveautoml/evaluators.py"", line 142, in evaluate_split
    pl_copy.fit(X_train, y_train)
  File ""/home/till/PycharmProjects/watchplant_classification/venv/lib/python3.10/site-packages/sklearn/base.py"", line 1351, in wrapper
    return fit_method(estimator, *args, **kwargs)
  File ""/home/till/PycharmProjects/watchplant_classification/venv/lib/python3.10/site-packages/sklearn/pipeline.py"", line 475, in fit
    self._final_estimator.fit(Xt, y, **last_step_params[""fit""])
  File ""/home/till/PycharmProjects/watchplant_classification/venv/lib/python3.10/site-packages/sklearn/base.py"", line 1351, in wrapper
    return fit_method(estimator, *args, **kwargs)
  File ""/home/till/PycharmProjects/watchplant_classification/venv/lib/python3.10/site-packages/sklearn/naive_bayes.py"", line 759, in fit
    self._count(X, Y)
  File ""/home/till/PycharmProjects/watchplant_classification/venv/lib/python3.10/site-packages/sklearn/naive_bayes.py"", line 881, in _count
    check_non_negative(X, ""MultinomialNB (input X)"")
  File ""/home/till/PycharmProjects/watchplant_classification/venv/lib/python3.10/site-packages/sklearn/utils/validation.py"", line 1572, in check_non_negative
    raise ValueError(""Negative values in data passed to %s"" % whom)
ValueError: Negative values in data passed to MultinomialNB (input X)
",,,,,sklearn.naive_bayes.MultinomialNB,
15,1720629665.1887083,0.0016884803771972656,"Pipeline(steps=[('data-pre-processor', MinMaxScaler()),
                ('learner', RandomForestClassifier())])",True,,False,,avoided,,sklearn.preprocessing._data.MinMaxScaler,,,,sklearn.ensemble._forest.RandomForestClassifier,
16,1720629665.576697,0.38756632804870605,"Pipeline(steps=[('data-pre-processor', Normalizer()),
                ('learner', RandomForestClassifier())])",True,0.76,False,"{'accuracy': [0.8, 0.6, 0.76, 0.8, 0.84]}",ok,,sklearn.preprocessing._data.Normalizer,,,,sklearn.ensemble._forest.RandomForestClassifier,
17,1720629665.5780897,0.0010030269622802734,"Pipeline(steps=[('data-pre-processor', PowerTransformer()),
                ('learner', RandomForestClassifier())])",True,,False,,avoided,,sklearn.preprocessing._data.PowerTransformer,,,,sklearn.ensemble._forest.RandomForestClassifier,
18,1720629665.5797982,0.001272439956665039,"Pipeline(steps=[('data-pre-processor', QuantileTransformer()),
                ('learner', RandomForestClassifier())])",True,,False,,avoided,,sklearn.preprocessing._data.QuantileTransformer,,,,sklearn.ensemble._forest.RandomForestClassifier,
19,1720629665.5814679,0.0012581348419189453,"Pipeline(steps=[('data-pre-processor', RobustScaler()),
                ('learner', RandomForestClassifier())])",True,,False,,avoided,,sklearn.preprocessing._data.RobustScaler,,,,sklearn.ensemble._forest.RandomForestClassifier,
20,1720629665.582756,0.000985860824584961,"Pipeline(steps=[('data-pre-processor', StandardScaler()),
                ('learner', RandomForestClassifier())])",True,,False,,avoided,,sklearn.preprocessing._data.StandardScaler,,,,sklearn.ensemble._forest.RandomForestClassifier,
21,1720629665.9462607,0.3632316589355469,"Pipeline(steps=[('data-pre-processor', VarianceThreshold()),
                ('learner', RandomForestClassifier())])",True,0.824,True,"{'accuracy': [0.92, 0.72, 0.84, 0.8, 0.84]}",ok,,sklearn.feature_selection._variance_threshold.VarianceThreshold,,,,sklearn.ensemble._forest.RandomForestClassifier,
22,1720629894.605858,228.65840578079224,"Pipeline(steps=[('data-pre-processor', VarianceThreshold()),
                ('feature-pre-processor', FastICA()),
                ('learner', RandomForestClassifier())])",True,0.488,False,"{'accuracy': [0.48, 0.48, 0.48, 0.48, 0.52]}",ok,,sklearn.feature_selection._variance_threshold.VarianceThreshold,,sklearn.decomposition._fastica.FastICA,,sklearn.ensemble._forest.RandomForestClassifier,
23,1720629894.903376,0.29645824432373047,"Pipeline(steps=[('data-pre-processor', VarianceThreshold()),
                ('feature-pre-processor', FeatureAgglomeration()),
                ('learner', RandomForestClassifier())])",True,0.696,False,"{'accuracy': [0.6, 0.64, 0.72, 0.76, 0.76]}",ok,,sklearn.feature_selection._variance_threshold.VarianceThreshold,,sklearn.cluster._agglomerative.FeatureAgglomeration,,sklearn.ensemble._forest.RandomForestClassifier,
24,1720629894.9064925,0.0019795894622802734,"Pipeline(steps=[('data-pre-processor', VarianceThreshold()),
                ('feature-pre-processor', KernelPCA()),
                ('learner', RandomForestClassifier())])",True,,False,,avoided,,sklearn.feature_selection._variance_threshold.VarianceThreshold,,sklearn.decomposition._kernel_pca.KernelPCA,,sklearn.ensemble._forest.RandomForestClassifier,
25,1720629894.9087477,0.0016934871673583984,"Pipeline(steps=[('data-pre-processor', VarianceThreshold()),
                ('feature-pre-processor', RBFSampler()),
                ('learner', RandomForestClassifier())])",True,,False,,avoided,,sklearn.feature_selection._variance_threshold.VarianceThreshold,,sklearn.kernel_approximation.RBFSampler,,sklearn.ensemble._forest.RandomForestClassifier,
26,1720629894.9115405,0.0016484260559082031,"Pipeline(steps=[('data-pre-processor', VarianceThreshold()),
                ('feature-pre-processor', Nystroem()),
                ('learner', RandomForestClassifier())])",True,,False,,avoided,,sklearn.feature_selection._variance_threshold.VarianceThreshold,,sklearn.kernel_approximation.Nystroem,,sklearn.ensemble._forest.RandomForestClassifier,
27,1720629896.1278574,1.2157468795776367,"Pipeline(steps=[('data-pre-processor', VarianceThreshold()),
                ('feature-pre-processor', PCA()),
                ('learner', RandomForestClassifier())])",True,0.688,False,"{'accuracy': [0.68, 0.72, 0.64, 0.56, 0.84]}",ok,,sklearn.feature_selection._variance_threshold.VarianceThreshold,,sklearn.decomposition._pca.PCA,,sklearn.ensemble._forest.RandomForestClassifier,
28,1720629899.7114003,3.5813791751861572,"Pipeline(steps=[('data-pre-processor', VarianceThreshold()),
                ('feature-pre-processor', PolynomialFeatures()),
                ('learner', RandomForestClassifier())])",True,0.768,False,"{'accuracy': [0.72, 0.84, 0.72, 0.68, 0.88]}",ok,,sklearn.feature_selection._variance_threshold.VarianceThreshold,,sklearn.preprocessing._polynomial.PolynomialFeatures,,sklearn.ensemble._forest.RandomForestClassifier,
29,1720629899.9883087,0.27609801292419434,"Pipeline(steps=[('data-pre-processor', VarianceThreshold()),
                ('feature-pre-processor', SelectPercentile()),
                ('learner', RandomForestClassifier())])",True,0.792,False,"{'accuracy': [0.8, 0.92, 0.84, 0.68, 0.72]}",ok,,sklearn.feature_selection._variance_threshold.VarianceThreshold,,sklearn.feature_selection._univariate_selection.SelectPercentile,,sklearn.ensemble._forest.RandomForestClassifier,
30,1720629900.2147274,0.22568464279174805,"Pipeline(steps=[('data-pre-processor', VarianceThreshold()),
                ('feature-pre-processor', GenericUnivariateSelect()),
                ('learner', RandomForestClassifier())])",True,0.736,False,"{'accuracy': [0.68, 0.72, 0.76, 0.76, 0.76]}",ok,,sklearn.feature_selection._variance_threshold.VarianceThreshold,,sklearn.feature_selection._univariate_selection.GenericUnivariateSelect,,sklearn.ensemble._forest.RandomForestClassifier,
31,1720629900.2181592,4.18963360786438,"Pipeline(steps=[('data-pre-processor', VarianceThreshold()),
                ('learner',
                 RandomForestClassifier(bootstrap=False, criterion='entropy',
                                        max_features=104, min_samples_leaf=5,
                                        min_samples_split=20, n_estimators=512,
                                        warm_start=True))])",False,0.784,True,"{'accuracy': [0.76, 0.84, 0.76, 0.8, 0.76]}",ok,,sklearn.feature_selection._variance_threshold.VarianceThreshold,,,,sklearn.ensemble._forest.RandomForestClassifier,"{'bootstrap': 'False', 'criterion': 'entropy', 'max_depth': 'None', 'max_features': 0.6966009108447163, 'max_leaf_nodes': 'None', 'min_impurity_decrease': 0.0, 'min_samples_leaf': 5, 'min_samples_split': 20, 'min_weight_fraction_leaf': 0.0}"
32,1720629904.4093425,1.0341153144836426,"Pipeline(steps=[('data-pre-processor', VarianceThreshold()),
                ('learner',
                 RandomForestClassifier(criterion='entropy', max_features=1,
                                        min_samples_leaf=6, min_samples_split=5,
                                        n_estimators=512, warm_start=True))])",False,0.816,True,"{'accuracy': [0.92, 0.76, 0.76, 0.88, 0.76]}",ok,,sklearn.feature_selection._variance_threshold.VarianceThreshold,,,,sklearn.ensemble._forest.RandomForestClassifier,"{'bootstrap': 'True', 'criterion': 'entropy', 'max_depth': 'None', 'max_features': 0.059440201790023295, 'max_leaf_nodes': 'None', 'min_impurity_decrease': 0.0, 'min_samples_leaf': 6, 'min_samples_split': 5, 'min_weight_fraction_leaf': 0.0}"
33,1720629905.4453173,1.1117298603057861,"Pipeline(steps=[('data-pre-processor', VarianceThreshold()),
                ('learner',
                 RandomForestClassifier(bootstrap=False, criterion='entropy',
                                        max_features=15, min_samples_leaf=17,
                                        min_samples_split=17, n_estimators=512,
                                        warm_start=True))])",False,0.848,True,"{'accuracy': [0.84, 0.84, 0.84, 0.84, 0.88]}",ok,,sklearn.feature_selection._variance_threshold.VarianceThreshold,,,,sklearn.ensemble._forest.RandomForestClassifier,"{'bootstrap': 'False', 'criterion': 'entropy', 'max_depth': 'None', 'max_features': 0.4149769119900759, 'max_leaf_nodes': 'None', 'min_impurity_decrease': 0.0, 'min_samples_leaf': 17, 'min_samples_split': 17, 'min_weight_fraction_leaf': 0.0}"
34,1720629906.5587184,4.250814199447632,"Pipeline(steps=[('data-pre-processor', VarianceThreshold()),
                ('learner',
                 RandomForestClassifier(bootstrap=False, criterion='entropy',
                                        max_features=163, min_samples_leaf=18,
                                        min_samples_split=6, n_estimators=512,
                                        warm_start=True))])",False,0.768,True,"{'accuracy': [0.64, 0.8, 0.76, 0.76, 0.88]}",ok,,sklearn.feature_selection._variance_threshold.VarianceThreshold,,,,sklearn.ensemble._forest.RandomForestClassifier,"{'bootstrap': 'False', 'criterion': 'entropy', 'max_depth': 'None', 'max_features': 0.7643577050457833, 'max_leaf_nodes': 'None', 'min_impurity_decrease': 0.0, 'min_samples_leaf': 18, 'min_samples_split': 6, 'min_weight_fraction_leaf': 0.0}"
35,1720629910.8111432,1.2785460948944092,"Pipeline(steps=[('data-pre-processor', VarianceThreshold()),
                ('learner',
                 RandomForestClassifier(max_features=9, min_samples_leaf=2,
                                        min_samples_split=9, n_estimators=512,
                                        warm_start=True))])",False,0.824,True,"{'accuracy': [0.76, 0.84, 0.96, 0.76, 0.8]}",ok,,sklearn.feature_selection._variance_threshold.VarianceThreshold,,,,sklearn.ensemble._forest.RandomForestClassifier,"{'bootstrap': 'True', 'criterion': 'gini', 'max_depth': 'None', 'max_features': 0.334325703678488, 'max_leaf_nodes': 'None', 'min_impurity_decrease': 0.0, 'min_samples_leaf': 2, 'min_samples_split': 9, 'min_weight_fraction_leaf': 0.0}"
36,1720629912.091263,1.1179389953613281,"Pipeline(steps=[('data-pre-processor', VarianceThreshold()),
                ('learner',
                 RandomForestClassifier(criterion='entropy', max_features=5,
                                        min_samples_leaf=13,
                                        min_samples_split=18, n_estimators=512,
                                        warm_start=True))])",False,0.848,True,"{'accuracy': [0.92, 0.88, 0.8, 0.84, 0.8]}",ok,,sklearn.feature_selection._variance_threshold.VarianceThreshold,,,,sklearn.ensemble._forest.RandomForestClassifier,"{'bootstrap': 'True', 'criterion': 'entropy', 'max_depth': 'None', 'max_features': 0.2618524691330304, 'max_leaf_nodes': 'None', 'min_impurity_decrease': 0.0, 'min_samples_leaf': 13, 'min_samples_split': 18, 'min_weight_fraction_leaf': 0.0}"
37,1720629913.2108803,0.7493510246276855,"Pipeline(steps=[('data-pre-processor', VarianceThreshold()),
                ('learner',
                 RandomForestClassifier(bootstrap=False, max_features=1,
                                        min_samples_leaf=12,
                                        min_samples_split=3, n_estimators=512,
                                        warm_start=True))])",False,0.824,True,"{'accuracy': [0.84, 0.8, 0.8, 0.8, 0.88]}",ok,,sklearn.feature_selection._variance_threshold.VarianceThreshold,,,,sklearn.ensemble._forest.RandomForestClassifier,"{'bootstrap': 'False', 'criterion': 'gini', 'max_depth': 'None', 'max_features': 0.06002923058935239, 'max_leaf_nodes': 'None', 'min_impurity_decrease': 0.0, 'min_samples_leaf': 12, 'min_samples_split': 3, 'min_weight_fraction_leaf': 0.0}"
38,1720629913.9618154,2.3659451007843018,"Pipeline(steps=[('data-pre-processor', VarianceThreshold()),
                ('learner',
                 RandomForestClassifier(criterion='entropy', max_features=82,
                                        min_samples_leaf=9,
                                        min_samples_split=10, n_estimators=512,
                                        warm_start=True))])",False,0.88,True,"{'accuracy': [0.88, 0.84, 0.92, 0.88, 0.88]}",ok,,sklearn.feature_selection._variance_threshold.VarianceThreshold,,,,sklearn.ensemble._forest.RandomForestClassifier,"{'bootstrap': 'True', 'criterion': 'entropy', 'max_depth': 'None', 'max_features': 0.6614574877143484, 'max_leaf_nodes': 'None', 'min_impurity_decrease': 0.0, 'min_samples_leaf': 9, 'min_samples_split': 10, 'min_weight_fraction_leaf': 0.0}"
39,1720629916.329345,1.4409642219543457,"Pipeline(steps=[('data-pre-processor', VarianceThreshold()),
                ('learner',
                 RandomForestClassifier(bootstrap=False, criterion='entropy',
                                        max_features=32, min_samples_leaf=19,
                                        min_samples_split=10, n_estimators=512,
                                        warm_start=True))])",False,0.808,True,"{'accuracy': [0.92, 0.68, 0.84, 0.88, 0.72]}",ok,,sklearn.feature_selection._variance_threshold.VarianceThreshold,,,,sklearn.ensemble._forest.RandomForestClassifier,"{'bootstrap': 'False', 'criterion': 'entropy', 'max_depth': 'None', 'max_features': 0.5233008138858788, 'max_leaf_nodes': 'None', 'min_impurity_decrease': 0.0, 'min_samples_leaf': 19, 'min_samples_split': 10, 'min_weight_fraction_leaf': 0.0}"
40,1720629917.772655,2.8902320861816406,"Pipeline(steps=[('data-pre-processor', VarianceThreshold()),
                ('learner',
                 RandomForestClassifier(bootstrap=False, max_features=66,
                                        min_samples_leaf=7, min_samples_split=9,
                                        n_estimators=512, warm_start=True))])",False,0.848,True,"{'accuracy': [0.84, 0.92, 0.88, 0.8, 0.8]}",ok,,sklearn.feature_selection._variance_threshold.VarianceThreshold,,,,sklearn.ensemble._forest.RandomForestClassifier,"{'bootstrap': 'False', 'criterion': 'gini', 'max_depth': 'None', 'max_features': 0.6291241768882295, 'max_leaf_nodes': 'None', 'min_impurity_decrease': 0.0, 'min_samples_leaf': 7, 'min_samples_split': 9, 'min_weight_fraction_leaf': 0.0}"
41,1720629920.6645172,6.845940589904785,"Pipeline(steps=[('data-pre-processor', VarianceThreshold()),
                ('learner',
                 RandomForestClassifier(bootstrap=False, max_features=303,
                                        min_samples_leaf=18,
                                        min_samples_split=15, n_estimators=512,
                                        warm_start=True))])",False,0.776,True,"{'accuracy': [0.68, 0.8, 0.76, 0.88, 0.76]}",ok,,sklearn.feature_selection._variance_threshold.VarianceThreshold,,,,sklearn.ensemble._forest.RandomForestClassifier,"{'bootstrap': 'False', 'criterion': 'gini', 'max_depth': 'None', 'max_features': 0.8571716382958543, 'max_leaf_nodes': 'None', 'min_impurity_decrease': 0.0, 'min_samples_leaf': 18, 'min_samples_split': 15, 'min_weight_fraction_leaf': 0.0}"
42,1720629927.5120404,4.564204692840576,"Pipeline(steps=[('data-pre-processor', VarianceThreshold()),
                ('learner',
                 RandomForestClassifier(criterion='entropy', max_features=264,
                                        min_samples_leaf=12,
                                        min_samples_split=20, n_estimators=512,
                                        warm_start=True))])",False,0.832,True,"{'accuracy': [0.88, 0.88, 0.84, 0.76, 0.8]}",ok,,sklearn.feature_selection._variance_threshold.VarianceThreshold,,,,sklearn.ensemble._forest.RandomForestClassifier,"{'bootstrap': 'True', 'criterion': 'entropy', 'max_depth': 'None', 'max_features': 0.8366333526872558, 'max_leaf_nodes': 'None', 'min_impurity_decrease': 0.0, 'min_samples_leaf': 12, 'min_samples_split': 20, 'min_weight_fraction_leaf': 0.0}"
43,1720629932.0778272,4.900893211364746,"Pipeline(steps=[('data-pre-processor', VarianceThreshold()),
                ('learner',
                 RandomForestClassifier(criterion='entropy', max_features=166,
                                        min_samples_leaf=2, min_samples_split=6,
                                        n_estimators=512, warm_start=True))])",False,0.872,True,"{'accuracy': [0.88, 0.84, 0.84, 0.88, 0.92]}",ok,,sklearn.feature_selection._variance_threshold.VarianceThreshold,,,,sklearn.ensemble._forest.RandomForestClassifier,"{'bootstrap': 'True', 'criterion': 'entropy', 'max_depth': 'None', 'max_features': 0.7672867073404069, 'max_leaf_nodes': 'None', 'min_impurity_decrease': 0.0, 'min_samples_leaf': 2, 'min_samples_split': 6, 'min_weight_fraction_leaf': 0.0}"
44,1720629936.9809792,1.0924959182739258,"Pipeline(steps=[('data-pre-processor', VarianceThreshold()),
                ('learner',
                 RandomForestClassifier(bootstrap=False, max_features=7,
                                        min_samples_split=10, n_estimators=512,
                                        warm_start=True))])",False,0.792,True,"{'accuracy': [0.88, 0.8, 0.76, 0.84, 0.68]}",ok,,sklearn.feature_selection._variance_threshold.VarianceThreshold,,,,sklearn.ensemble._forest.RandomForestClassifier,"{'bootstrap': 'False', 'criterion': 'gini', 'max_depth': 'None', 'max_features': 0.31092427902457764, 'max_leaf_nodes': 'None', 'min_impurity_decrease': 0.0, 'min_samples_leaf': 1, 'min_samples_split': 10, 'min_weight_fraction_leaf': 0.0}"
45,1720629938.075109,1.3306686878204346,"Pipeline(steps=[('data-pre-processor', VarianceThreshold()),
                ('learner',
                 RandomForestClassifier(max_features=40, min_samples_leaf=20,
                                        min_samples_split=16, n_estimators=512,
                                        warm_start=True))])",False,0.816,True,"{'accuracy': [0.84, 0.84, 0.84, 0.88, 0.68]}",ok,,sklearn.feature_selection._variance_threshold.VarianceThreshold,,,,sklearn.ensemble._forest.RandomForestClassifier,"{'bootstrap': 'True', 'criterion': 'gini', 'max_depth': 'None', 'max_features': 0.5564143587780993, 'max_leaf_nodes': 'None', 'min_impurity_decrease': 0.0, 'min_samples_leaf': 20, 'min_samples_split': 16, 'min_weight_fraction_leaf': 0.0}"
46,1720629939.4073963,7.464611768722534,"Pipeline(steps=[('data-pre-processor', VarianceThreshold()),
                ('learner',
                 RandomForestClassifier(bootstrap=False, criterion='entropy',
                                        max_features=293, min_samples_leaf=15,
                                        min_samples_split=6, n_estimators=512,
                                        warm_start=True))])",False,0.784,True,"{'accuracy': [0.76, 0.72, 0.84, 0.8, 0.8]}",ok,,sklearn.feature_selection._variance_threshold.VarianceThreshold,,,,sklearn.ensemble._forest.RandomForestClassifier,"{'bootstrap': 'False', 'criterion': 'entropy', 'max_depth': 'None', 'max_features': 0.85203217957518, 'max_leaf_nodes': 'None', 'min_impurity_decrease': 0.0, 'min_samples_leaf': 15, 'min_samples_split': 6, 'min_weight_fraction_leaf': 0.0}"
47,1720629946.8736382,0.7622818946838379,"Pipeline(steps=[('data-pre-processor', VarianceThreshold()),
                ('learner',
                 RandomForestClassifier(bootstrap=False, max_features=1,
                                        min_samples_leaf=9,
                                        min_samples_split=16, n_estimators=512,
                                        warm_start=True))])",False,0.808,True,"{'accuracy': [0.8, 0.76, 0.84, 0.84, 0.8]}",ok,,sklearn.feature_selection._variance_threshold.VarianceThreshold,,,,sklearn.ensemble._forest.RandomForestClassifier,"{'bootstrap': 'False', 'criterion': 'gini', 'max_depth': 'None', 'max_features': 0.06925949764586714, 'max_leaf_nodes': 'None', 'min_impurity_decrease': 0.0, 'min_samples_leaf': 9, 'min_samples_split': 16, 'min_weight_fraction_leaf': 0.0}"
48,1720629947.637518,5.52577543258667,"Pipeline(steps=[('data-pre-processor', VarianceThreshold()),
                ('learner',
                 RandomForestClassifier(max_features=289, min_samples_leaf=7,
                                        min_samples_split=18, n_estimators=512,
                                        warm_start=True))])",False,0.792,True,"{'accuracy': [0.72, 0.8, 0.88, 0.8, 0.76]}",ok,,sklearn.feature_selection._variance_threshold.VarianceThreshold,,,,sklearn.ensemble._forest.RandomForestClassifier,"{'bootstrap': 'True', 'criterion': 'gini', 'max_depth': 'None', 'max_features': 0.8499120489864314, 'max_leaf_nodes': 'None', 'min_impurity_decrease': 0.0, 'min_samples_leaf': 7, 'min_samples_split': 18, 'min_weight_fraction_leaf': 0.0}"
49,1720629953.1649747,1.2562572956085205,"Pipeline(steps=[('data-pre-processor', VarianceThreshold()),
                ('learner',
                 RandomForestClassifier(max_features=22, min_samples_leaf=16,
                                        min_samples_split=15, n_estimators=512,
                                        warm_start=True))])",False,0.848,True,"{'accuracy': [0.88, 0.84, 0.8, 0.88, 0.84]}",ok,,sklearn.feature_selection._variance_threshold.VarianceThreshold,,,,sklearn.ensemble._forest.RandomForestClassifier,"{'bootstrap': 'True', 'criterion': 'gini', 'max_depth': 'None', 'max_features': 0.46557358675781824, 'max_leaf_nodes': 'None', 'min_impurity_decrease': 0.0, 'min_samples_leaf': 16, 'min_samples_split': 15, 'min_weight_fraction_leaf': 0.0}"
50,1720629954.4227786,0.7638075351715088,"Pipeline(steps=[('data-pre-processor', VarianceThreshold()),
                ('learner',
                 RandomForestClassifier(bootstrap=False, max_features=1,
                                        min_samples_leaf=10,
                                        min_samples_split=10, n_estimators=512,
                                        warm_start=True))])",False,0.792,True,"{'accuracy': [0.8, 0.88, 0.8, 0.76, 0.72]}",ok,,sklearn.feature_selection._variance_threshold.VarianceThreshold,,,,sklearn.ensemble._forest.RandomForestClassifier,"{'bootstrap': 'False', 'criterion': 'gini', 'max_depth': 'None', 'max_features': 0.021306445991973066, 'max_leaf_nodes': 'None', 'min_impurity_decrease': 0.0, 'min_samples_leaf': 10, 'min_samples_split': 10, 'min_weight_fraction_leaf': 0.0}"
51,1720629955.18818,3.7253851890563965,"Pipeline(steps=[('data-pre-processor', VarianceThreshold()),
                ('learner',
                 RandomForestClassifier(bootstrap=False, max_features=137,
                                        min_samples_leaf=17,
                                        min_samples_split=9, n_estimators=512,
                                        warm_start=True))])",False,0.872,True,"{'accuracy': [0.92, 0.92, 0.84, 0.8, 0.88]}",ok,,sklearn.feature_selection._variance_threshold.VarianceThreshold,,,,sklearn.ensemble._forest.RandomForestClassifier,"{'bootstrap': 'False', 'criterion': 'gini', 'max_depth': 'None', 'max_features': 0.7381383194717981, 'max_leaf_nodes': 'None', 'min_impurity_decrease': 0.0, 'min_samples_leaf': 17, 'min_samples_split': 9, 'min_weight_fraction_leaf': 0.0}"
52,1720629958.915178,1.5230987071990967,"Pipeline(steps=[('data-pre-processor', VarianceThreshold()),
                ('learner',
                 RandomForestClassifier(bootstrap=False, max_features=35,
                                        min_samples_leaf=17,
                                        min_samples_split=15, n_estimators=512,
                                        warm_start=True))])",False,0.824,True,"{'accuracy': [0.8, 0.92, 0.84, 0.72, 0.84]}",ok,,sklearn.feature_selection._variance_threshold.VarianceThreshold,,,,sklearn.ensemble._forest.RandomForestClassifier,"{'bootstrap': 'False', 'criterion': 'gini', 'max_depth': 'None', 'max_features': 0.5343030252153524, 'max_leaf_nodes': 'None', 'min_impurity_decrease': 0.0, 'min_samples_leaf': 17, 'min_samples_split': 15, 'min_weight_fraction_leaf': 0.0}"
53,1720629960.441229,14.49481463432312,"Pipeline(steps=[('data-pre-processor', VarianceThreshold()),
                ('learner',
                 RandomForestClassifier(bootstrap=False, max_features=739,
                                        min_samples_leaf=20,
                                        min_samples_split=13, n_estimators=512,
                                        warm_start=True))])",False,0.784,True,"{'accuracy': [0.68, 0.88, 0.84, 0.72, 0.8]}",ok,,sklearn.feature_selection._variance_threshold.VarianceThreshold,,,,sklearn.ensemble._forest.RandomForestClassifier,"{'bootstrap': 'False', 'criterion': 'gini', 'max_depth': 'None', 'max_features': 0.9906399328032467, 'max_leaf_nodes': 'None', 'min_impurity_decrease': 0.0, 'min_samples_leaf': 20, 'min_samples_split': 13, 'min_weight_fraction_leaf': 0.0}"
54,1720629974.9376986,6.228425025939941,"Pipeline(steps=[('data-pre-processor', VarianceThreshold()),
                ('learner',
                 RandomForestClassifier(bootstrap=False, max_features=192,
                                        min_samples_leaf=8,
                                        min_samples_split=19, n_estimators=512,
                                        warm_start=True))])",False,0.832,True,"{'accuracy': [0.96, 0.8, 0.8, 0.84, 0.76]}",ok,,sklearn.feature_selection._variance_threshold.VarianceThreshold,,,,sklearn.ensemble._forest.RandomForestClassifier,"{'bootstrap': 'False', 'criterion': 'gini', 'max_depth': 'None', 'max_features': 0.7889544220489361, 'max_leaf_nodes': 'None', 'min_impurity_decrease': 0.0, 'min_samples_leaf': 8, 'min_samples_split': 19, 'min_weight_fraction_leaf': 0.0}"
55,1720629981.167763,5.769167184829712,"Pipeline(steps=[('data-pre-processor', VarianceThreshold()),
                ('learner',
                 RandomForestClassifier(bootstrap=False, max_features=222,
                                        min_samples_leaf=16,
                                        min_samples_split=19, n_estimators=512,
                                        warm_start=True))])",False,0.832,True,"{'accuracy': [0.8, 0.84, 0.76, 0.84, 0.92]}",ok,,sklearn.feature_selection._variance_threshold.VarianceThreshold,,,,sklearn.ensemble._forest.RandomForestClassifier,"{'bootstrap': 'False', 'criterion': 'gini', 'max_depth': 'None', 'max_features': 0.8107295565842267, 'max_leaf_nodes': 'None', 'min_impurity_decrease': 0.0, 'min_samples_leaf': 16, 'min_samples_split': 19, 'min_weight_fraction_leaf': 0.0}"
56,1720629986.9385366,1.0620431900024414,"Pipeline(steps=[('data-pre-processor', VarianceThreshold()),
                ('learner',
                 RandomForestClassifier(criterion='entropy', max_features=1,
                                        min_samples_leaf=3, n_estimators=512,
                                        warm_start=True))])",False,0.808,True,"{'accuracy': [0.84, 0.8, 0.8, 0.88, 0.72]}",ok,,sklearn.feature_selection._variance_threshold.VarianceThreshold,,,,sklearn.ensemble._forest.RandomForestClassifier,"{'bootstrap': 'True', 'criterion': 'entropy', 'max_depth': 'None', 'max_features': 0.0027808450002811957, 'max_leaf_nodes': 'None', 'min_impurity_decrease': 0.0, 'min_samples_leaf': 3, 'min_samples_split': 2, 'min_weight_fraction_leaf': 0.0}"
57,1720629988.0024571,0.7898566722869873,"Pipeline(steps=[('data-pre-processor', VarianceThreshold()),
                ('learner',
                 RandomForestClassifier(bootstrap=False, max_features=2,
                                        min_samples_leaf=12,
                                        min_samples_split=19, n_estimators=512,
                                        warm_start=True))])",False,0.776,True,"{'accuracy': [0.6, 0.8, 0.84, 0.84, 0.8]}",ok,,sklearn.feature_selection._variance_threshold.VarianceThreshold,,,,sklearn.ensemble._forest.RandomForestClassifier,"{'bootstrap': 'False', 'criterion': 'gini', 'max_depth': 'None', 'max_features': 0.11536988816959326, 'max_leaf_nodes': 'None', 'min_impurity_decrease': 0.0, 'min_samples_leaf': 12, 'min_samples_split': 19, 'min_weight_fraction_leaf': 0.0}"
58,1720629988.7939131,1.8390746116638184,"Pipeline(steps=[('data-pre-processor', VarianceThreshold()),
                ('learner',
                 RandomForestClassifier(criterion='entropy', max_features=67,
                                        min_samples_leaf=15,
                                        min_samples_split=12, n_estimators=512,
                                        warm_start=True))])",False,0.808,True,"{'accuracy': [0.84, 0.72, 0.84, 0.8, 0.84]}",ok,,sklearn.feature_selection._variance_threshold.VarianceThreshold,,,,sklearn.ensemble._forest.RandomForestClassifier,"{'bootstrap': 'True', 'criterion': 'entropy', 'max_depth': 'None', 'max_features': 0.6316459703644072, 'max_leaf_nodes': 'None', 'min_impurity_decrease': 0.0, 'min_samples_leaf': 15, 'min_samples_split': 12, 'min_weight_fraction_leaf': 0.0}"
59,1720629990.6346116,18.19386053085327,"Pipeline(steps=[('data-pre-processor', VarianceThreshold()),
                ('learner',
                 RandomForestClassifier(bootstrap=False, criterion='entropy',
                                        max_features=685, min_samples_leaf=14,
                                        min_samples_split=18, n_estimators=512,
                                        warm_start=True))])",False,0.808,True,"{'accuracy': [0.88, 0.76, 0.76, 0.8, 0.84]}",ok,,sklearn.feature_selection._variance_threshold.VarianceThreshold,,,,sklearn.ensemble._forest.RandomForestClassifier,"{'bootstrap': 'False', 'criterion': 'entropy', 'max_depth': 'None', 'max_features': 0.9792690471802793, 'max_leaf_nodes': 'None', 'min_impurity_decrease': 0.0, 'min_samples_leaf': 14, 'min_samples_split': 18, 'min_weight_fraction_leaf': 0.0}"
60,1720630008.830093,1.0159106254577637,"Pipeline(steps=[('data-pre-processor', VarianceThreshold()),
                ('learner',
                 RandomForestClassifier(bootstrap=False, max_features=7,
                                        min_samples_leaf=8,
                                        min_samples_split=12, n_estimators=512,
                                        warm_start=True))])",False,0.832,True,"{'accuracy': [0.84, 0.84, 0.72, 0.92, 0.84]}",ok,,sklearn.feature_selection._variance_threshold.VarianceThreshold,,,,sklearn.ensemble._forest.RandomForestClassifier,"{'bootstrap': 'False', 'criterion': 'gini', 'max_depth': 'None', 'max_features': 0.3078881590987488, 'max_leaf_nodes': 'None', 'min_impurity_decrease': 0.0, 'min_samples_leaf': 8, 'min_samples_split': 12, 'min_weight_fraction_leaf': 0.0}"
61,1720630009.8475938,0.7970795631408691,"Pipeline(steps=[('data-pre-processor', VarianceThreshold()),
                ('learner',
                 RandomForestClassifier(bootstrap=False, max_features=2,
                                        min_samples_leaf=15,
                                        min_samples_split=17, n_estimators=512,
                                        warm_start=True))])",False,0.848,True,"{'accuracy': [0.92, 0.8, 0.84, 0.8, 0.88]}",ok,,sklearn.feature_selection._variance_threshold.VarianceThreshold,,,,sklearn.ensemble._forest.RandomForestClassifier,"{'bootstrap': 'False', 'criterion': 'gini', 'max_depth': 'None', 'max_features': 0.15289295660344293, 'max_leaf_nodes': 'None', 'min_impurity_decrease': 0.0, 'min_samples_leaf': 15, 'min_samples_split': 17, 'min_weight_fraction_leaf': 0.0}"
62,1720630010.6462572,5.985193967819214,"Pipeline(steps=[('data-pre-processor', VarianceThreshold()),
                ('learner',
                 RandomForestClassifier(bootstrap=False, max_features=166,
                                        min_samples_leaf=6, min_samples_split=8,
                                        n_estimators=512, warm_start=True))])",False,0.824,True,"{'accuracy': [0.64, 0.8, 0.88, 0.96, 0.84]}",ok,,sklearn.feature_selection._variance_threshold.VarianceThreshold,,,,sklearn.ensemble._forest.RandomForestClassifier,"{'bootstrap': 'False', 'criterion': 'gini', 'max_depth': 'None', 'max_features': 0.766653894924024, 'max_leaf_nodes': 'None', 'min_impurity_decrease': 0.0, 'min_samples_leaf': 6, 'min_samples_split': 8, 'min_weight_fraction_leaf': 0.0}"
63,1720630016.633005,1.1285011768341064,"Pipeline(steps=[('data-pre-processor', VarianceThreshold()),
                ('learner',
                 RandomForestClassifier(bootstrap=False, max_features=15,
                                        min_samples_leaf=15,
                                        min_samples_split=12, n_estimators=512,
                                        warm_start=True))])",False,0.808,True,"{'accuracy': [0.88, 0.88, 0.76, 0.76, 0.76]}",ok,,sklearn.feature_selection._variance_threshold.VarianceThreshold,,,,sklearn.ensemble._forest.RandomForestClassifier,"{'bootstrap': 'False', 'criterion': 'gini', 'max_depth': 'None', 'max_features': 0.4089569591075748, 'max_leaf_nodes': 'None', 'min_impurity_decrease': 0.0, 'min_samples_leaf': 15, 'min_samples_split': 12, 'min_weight_fraction_leaf': 0.0}"
64,1720630017.7631204,8.560831546783447,"Pipeline(steps=[('data-pre-processor', VarianceThreshold()),
                ('learner',
                 RandomForestClassifier(max_features=500, min_samples_leaf=8,
                                        min_samples_split=5, n_estimators=512,
                                        warm_start=True))])",False,0.816,True,"{'accuracy': [0.8, 0.72, 0.88, 0.84, 0.84]}",ok,,sklearn.feature_selection._variance_threshold.VarianceThreshold,,,,sklearn.ensemble._forest.RandomForestClassifier,"{'bootstrap': 'True', 'criterion': 'gini', 'max_depth': 'None', 'max_features': 0.9321166135532648, 'max_leaf_nodes': 'None', 'min_impurity_decrease': 0.0, 'min_samples_leaf': 8, 'min_samples_split': 5, 'min_weight_fraction_leaf': 0.0}"
65,1720630026.325476,6.067168712615967,"Pipeline(steps=[('data-pre-processor', VarianceThreshold()),
                ('learner',
                 RandomForestClassifier(bootstrap=False, max_features=148,
                                        min_samples_leaf=3, min_samples_split=6,
                                        n_estimators=512, warm_start=True))])",False,0.848,True,"{'accuracy': [0.92, 0.76, 0.8, 0.92, 0.84]}",ok,,sklearn.feature_selection._variance_threshold.VarianceThreshold,,,,sklearn.ensemble._forest.RandomForestClassifier,"{'bootstrap': 'False', 'criterion': 'gini', 'max_depth': 'None', 'max_features': 0.7498018695419585, 'max_leaf_nodes': 'None', 'min_impurity_decrease': 0.0, 'min_samples_leaf': 3, 'min_samples_split': 6, 'min_weight_fraction_leaf': 0.0}"
66,1720630032.3950775,1.8694489002227783,"Pipeline(steps=[('data-pre-processor', VarianceThreshold()),
                ('learner',
                 RandomForestClassifier(bootstrap=False, max_features=39,
                                        min_samples_leaf=11,
                                        min_samples_split=10, n_estimators=512,
                                        warm_start=True))])",False,0.776,True,"{'accuracy': [0.76, 0.76, 0.88, 0.72, 0.76]}",ok,,sklearn.feature_selection._variance_threshold.VarianceThreshold,,,,sklearn.ensemble._forest.RandomForestClassifier,"{'bootstrap': 'False', 'criterion': 'gini', 'max_depth': 'None', 'max_features': 0.5513210840009206, 'max_leaf_nodes': 'None', 'min_impurity_decrease': 0.0, 'min_samples_leaf': 11, 'min_samples_split': 10, 'min_weight_fraction_leaf': 0.0}"
67,1720630034.2660263,1.5939886569976807,"Pipeline(steps=[('data-pre-processor', VarianceThreshold()),
                ('learner',
                 RandomForestClassifier(bootstrap=False, max_features=24,
                                        min_samples_leaf=7, min_samples_split=8,
                                        n_estimators=512, warm_start=True))])",False,0.816,True,"{'accuracy': [0.72, 0.84, 0.88, 0.8, 0.84]}",ok,,sklearn.feature_selection._variance_threshold.VarianceThreshold,,,,sklearn.ensemble._forest.RandomForestClassifier,"{'bootstrap': 'False', 'criterion': 'gini', 'max_depth': 'None', 'max_features': 0.4789784808496952, 'max_leaf_nodes': 'None', 'min_impurity_decrease': 0.0, 'min_samples_leaf': 7, 'min_samples_split': 8, 'min_weight_fraction_leaf': 0.0}"
68,1720630035.861912,4.1898033618927,"Pipeline(steps=[('data-pre-processor', VarianceThreshold()),
                ('learner',
                 RandomForestClassifier(bootstrap=False, max_features=106,
                                        min_samples_leaf=6, min_samples_split=9,
                                        n_estimators=512, warm_start=True))])",False,0.832,True,"{'accuracy': [0.72, 0.84, 0.84, 0.92, 0.84]}",ok,,sklearn.feature_selection._variance_threshold.VarianceThreshold,,,,sklearn.ensemble._forest.RandomForestClassifier,"{'bootstrap': 'False', 'criterion': 'gini', 'max_depth': 'None', 'max_features': 0.6995208399862847, 'max_leaf_nodes': 'None', 'min_impurity_decrease': 0.0, 'min_samples_leaf': 6, 'min_samples_split': 9, 'min_weight_fraction_leaf': 0.0}"
69,1720630040.0533507,11.555591344833374,"Pipeline(steps=[('data-pre-processor', VarianceThreshold()),
                ('learner',
                 RandomForestClassifier(bootstrap=False, criterion='entropy',
                                        max_features=529, min_samples_leaf=19,
                                        min_samples_split=16, n_estimators=512,
                                        warm_start=True))])",False,0.784,True,"{'accuracy': [0.68, 0.84, 0.84, 0.84, 0.72]}",ok,,sklearn.feature_selection._variance_threshold.VarianceThreshold,,,,sklearn.ensemble._forest.RandomForestClassifier,"{'bootstrap': 'False', 'criterion': 'entropy', 'max_depth': 'None', 'max_features': 0.9406506988808927, 'max_leaf_nodes': 'None', 'min_impurity_decrease': 0.0, 'min_samples_leaf': 19, 'min_samples_split': 16, 'min_weight_fraction_leaf': 0.0}"
70,1720630051.6105878,0.9390385150909424,"Pipeline(steps=[('data-pre-processor', VarianceThreshold()),
                ('learner',
                 RandomForestClassifier(bootstrap=False, max_features=7,
                                        min_samples_leaf=14,
                                        min_samples_split=7, n_estimators=512,
                                        warm_start=True))])",False,0.808,True,"{'accuracy': [0.92, 0.72, 0.76, 0.84, 0.8]}",ok,,sklearn.feature_selection._variance_threshold.VarianceThreshold,,,,sklearn.ensemble._forest.RandomForestClassifier,"{'bootstrap': 'False', 'criterion': 'gini', 'max_depth': 'None', 'max_features': 0.3055908597073643, 'max_leaf_nodes': 'None', 'min_impurity_decrease': 0.0, 'min_samples_leaf': 14, 'min_samples_split': 7, 'min_weight_fraction_leaf': 0.0}"
71,1720630052.5512516,1.1729016304016113,"Pipeline(steps=[('data-pre-processor', VarianceThreshold()),
                ('learner',
                 RandomForestClassifier(criterion='entropy', max_features=13,
                                        min_samples_leaf=17,
                                        min_samples_split=10, n_estimators=512,
                                        warm_start=True))])",False,0.856,True,"{'accuracy': [0.88, 0.72, 0.88, 0.88, 0.92]}",ok,,sklearn.feature_selection._variance_threshold.VarianceThreshold,,,,sklearn.ensemble._forest.RandomForestClassifier,"{'bootstrap': 'True', 'criterion': 'entropy', 'max_depth': 'None', 'max_features': 0.39565848065831655, 'max_leaf_nodes': 'None', 'min_impurity_decrease': 0.0, 'min_samples_leaf': 17, 'min_samples_split': 10, 'min_weight_fraction_leaf': 0.0}"
72,1720630053.726022,1.0140013694763184,"Pipeline(steps=[('data-pre-processor', VarianceThreshold()),
                ('learner',
                 RandomForestClassifier(max_features=1, min_samples_leaf=8,
                                        min_samples_split=8, n_estimators=512,
                                        warm_start=True))])",False,0.776,True,"{'accuracy': [0.76, 0.76, 0.76, 0.8, 0.8]}",ok,,sklearn.feature_selection._variance_threshold.VarianceThreshold,,,,sklearn.ensemble._forest.RandomForestClassifier,"{'bootstrap': 'True', 'criterion': 'gini', 'max_depth': 'None', 'max_features': 0.04071034622213143, 'max_leaf_nodes': 'None', 'min_impurity_decrease': 0.0, 'min_samples_leaf': 8, 'min_samples_split': 8, 'min_weight_fraction_leaf': 0.0}"
73,1720630054.7416325,1.1405673027038574,"Pipeline(steps=[('data-pre-processor', VarianceThreshold()),
                ('learner',
                 RandomForestClassifier(max_features=9, min_samples_leaf=11,
                                        min_samples_split=11, n_estimators=512,
                                        warm_start=True))])",False,0.888,True,"{'accuracy': [0.84, 0.88, 0.96, 0.88, 0.88]}",ok,,sklearn.feature_selection._variance_threshold.VarianceThreshold,,,,sklearn.ensemble._forest.RandomForestClassifier,"{'bootstrap': 'True', 'criterion': 'gini', 'max_depth': 'None', 'max_features': 0.3388160735096549, 'max_leaf_nodes': 'None', 'min_impurity_decrease': 0.0, 'min_samples_leaf': 11, 'min_samples_split': 11, 'min_weight_fraction_leaf': 0.0}"
74,1720630055.8838217,0.793635368347168,"Pipeline(steps=[('data-pre-processor', VarianceThreshold()),
                ('learner',
                 RandomForestClassifier(bootstrap=False, criterion='entropy',
                                        max_features=2, min_samples_leaf=12,
                                        n_estimators=512, warm_start=True))])",False,0.84,True,"{'accuracy': [0.8, 0.92, 0.84, 0.8, 0.84]}",ok,,sklearn.feature_selection._variance_threshold.VarianceThreshold,,,,sklearn.ensemble._forest.RandomForestClassifier,"{'bootstrap': 'False', 'criterion': 'entropy', 'max_depth': 'None', 'max_features': 0.1297237666825508, 'max_leaf_nodes': 'None', 'min_impurity_decrease': 0.0, 'min_samples_leaf': 12, 'min_samples_split': 2, 'min_weight_fraction_leaf': 0.0}"
75,1720630056.67921,0.8195841312408447,"Pipeline(steps=[('data-pre-processor', VarianceThreshold()),
                ('learner',
                 RandomForestClassifier(bootstrap=False, max_features=3,
                                        min_samples_leaf=12,
                                        min_samples_split=20, n_estimators=512,
                                        warm_start=True))])",False,0.856,True,"{'accuracy': [0.8, 0.88, 0.92, 0.84, 0.84]}",ok,,sklearn.feature_selection._variance_threshold.VarianceThreshold,,,,sklearn.ensemble._forest.RandomForestClassifier,"{'bootstrap': 'False', 'criterion': 'gini', 'max_depth': 'None', 'max_features': 0.19920416648384176, 'max_leaf_nodes': 'None', 'min_impurity_decrease': 0.0, 'min_samples_leaf': 12, 'min_samples_split': 20, 'min_weight_fraction_leaf': 0.0}"
76,1720630057.5003753,1.26729154586792,"Pipeline(steps=[('data-pre-processor', VarianceThreshold()),
                ('learner',
                 RandomForestClassifier(bootstrap=False, max_features=15,
                                        min_samples_leaf=9,
                                        min_samples_split=12, n_estimators=512,
                                        warm_start=True))])",False,0.792,True,"{'accuracy': [0.68, 0.84, 0.88, 0.8, 0.76]}",ok,,sklearn.feature_selection._variance_threshold.VarianceThreshold,,,,sklearn.ensemble._forest.RandomForestClassifier,"{'bootstrap': 'False', 'criterion': 'gini', 'max_depth': 'None', 'max_features': 0.41138712983868564, 'max_leaf_nodes': 'None', 'min_impurity_decrease': 0.0, 'min_samples_leaf': 9, 'min_samples_split': 12, 'min_weight_fraction_leaf': 0.0}"
77,1720630058.7690887,0.8367416858673096,"Pipeline(steps=[('data-pre-processor', VarianceThreshold()),
                ('learner',
                 RandomForestClassifier(bootstrap=False, max_features=3,
                                        min_samples_leaf=6,
                                        min_samples_split=18, n_estimators=512,
                                        warm_start=True))])",False,0.816,True,"{'accuracy': [0.8, 0.76, 0.92, 0.76, 0.84]}",ok,,sklearn.feature_selection._variance_threshold.VarianceThreshold,,,,sklearn.ensemble._forest.RandomForestClassifier,"{'bootstrap': 'False', 'criterion': 'gini', 'max_depth': 'None', 'max_features': 0.16511191330249753, 'max_leaf_nodes': 'None', 'min_impurity_decrease': 0.0, 'min_samples_leaf': 6, 'min_samples_split': 18, 'min_weight_fraction_leaf': 0.0}"
78,1720630059.6073964,1.1327674388885498,"Pipeline(steps=[('data-pre-processor', VarianceThreshold()),
                ('learner',
                 RandomForestClassifier(max_features=12, min_samples_leaf=15,
                                        min_samples_split=17, n_estimators=512,
                                        warm_start=True))])",False,0.84,True,"{'accuracy': [0.8, 0.84, 0.84, 0.84, 0.88]}",ok,,sklearn.feature_selection._variance_threshold.VarianceThreshold,,,,sklearn.ensemble._forest.RandomForestClassifier,"{'bootstrap': 'True', 'criterion': 'gini', 'max_depth': 'None', 'max_features': 0.37567358211364565, 'max_leaf_nodes': 'None', 'min_impurity_decrease': 0.0, 'min_samples_leaf': 15, 'min_samples_split': 17, 'min_weight_fraction_leaf': 0.0}"
79,1720630060.7417672,1.1165082454681396,"Pipeline(steps=[('data-pre-processor', VarianceThreshold()),
                ('learner',
                 RandomForestClassifier(criterion='entropy', max_features=3,
                                        min_samples_split=19, n_estimators=512,
                                        warm_start=True))])",False,0.792,True,"{'accuracy': [0.84, 0.84, 0.76, 0.8, 0.72]}",ok,,sklearn.feature_selection._variance_threshold.VarianceThreshold,,,,sklearn.ensemble._forest.RandomForestClassifier,"{'bootstrap': 'True', 'criterion': 'entropy', 'max_depth': 'None', 'max_features': 0.16979332679240067, 'max_leaf_nodes': 'None', 'min_impurity_decrease': 0.0, 'min_samples_leaf': 1, 'min_samples_split': 19, 'min_weight_fraction_leaf': 0.0}"
80,1720630061.8601553,1.3297944068908691,"Pipeline(steps=[('data-pre-processor', VarianceThreshold()),
                ('learner',
                 RandomForestClassifier(criterion='entropy', max_features=12,
                                        min_samples_leaf=5, min_samples_split=7,
                                        n_estimators=512, warm_start=True))])",False,0.888,True,"{'accuracy': [0.92, 0.88, 0.88, 0.92, 0.84]}",ok,,sklearn.feature_selection._variance_threshold.VarianceThreshold,,,,sklearn.ensemble._forest.RandomForestClassifier,"{'bootstrap': 'True', 'criterion': 'entropy', 'max_depth': 'None', 'max_features': 0.38044972526624343, 'max_leaf_nodes': 'None', 'min_impurity_decrease': 0.0, 'min_samples_leaf': 5, 'min_samples_split': 7, 'min_weight_fraction_leaf': 0.0}"
81,1720630063.1915092,1.557478666305542,"Pipeline(steps=[('data-pre-processor', VarianceThreshold()),
                ('learner',
                 RandomForestClassifier(bootstrap=False, criterion='entropy',
                                        max_features=31, min_samples_leaf=15,
                                        min_samples_split=5, n_estimators=512,
                                        warm_start=True))])",False,0.84,True,"{'accuracy': [0.96, 0.88, 0.8, 0.84, 0.72]}",ok,,sklearn.feature_selection._variance_threshold.VarianceThreshold,,,,sklearn.ensemble._forest.RandomForestClassifier,"{'bootstrap': 'False', 'criterion': 'entropy', 'max_depth': 'None', 'max_features': 0.516226839720756, 'max_leaf_nodes': 'None', 'min_impurity_decrease': 0.0, 'min_samples_leaf': 15, 'min_samples_split': 5, 'min_weight_fraction_leaf': 0.0}"
82,1720630064.75056,0.8118200302124023,"Pipeline(steps=[('data-pre-processor', VarianceThreshold()),
                ('learner',
                 RandomForestClassifier(bootstrap=False, max_features=3,
                                        min_samples_leaf=18,
                                        min_samples_split=3, n_estimators=512,
                                        warm_start=True))])",False,0.784,True,"{'accuracy': [0.72, 0.76, 0.72, 0.92, 0.8]}",ok,,sklearn.feature_selection._variance_threshold.VarianceThreshold,,,,sklearn.ensemble._forest.RandomForestClassifier,"{'bootstrap': 'False', 'criterion': 'gini', 'max_depth': 'None', 'max_features': 0.18147384017318546, 'max_leaf_nodes': 'None', 'min_impurity_decrease': 0.0, 'min_samples_leaf': 18, 'min_samples_split': 3, 'min_weight_fraction_leaf': 0.0}"
83,1720630065.5640473,1.1090688705444336,"Pipeline(steps=[('data-pre-processor', VarianceThreshold()),
                ('learner',
                 RandomForestClassifier(bootstrap=False, max_features=10,
                                        min_samples_leaf=7,
                                        min_samples_split=10, n_estimators=512,
                                        warm_start=True))])",False,0.8,True,"{'accuracy': [0.8, 0.76, 0.72, 0.84, 0.88]}",ok,,sklearn.feature_selection._variance_threshold.VarianceThreshold,,,,sklearn.ensemble._forest.RandomForestClassifier,"{'bootstrap': 'False', 'criterion': 'gini', 'max_depth': 'None', 'max_features': 0.358216831762174, 'max_leaf_nodes': 'None', 'min_impurity_decrease': 0.0, 'min_samples_leaf': 7, 'min_samples_split': 10, 'min_weight_fraction_leaf': 0.0}"
84,1720630066.6746616,0.754157304763794,"Pipeline(steps=[('data-pre-processor', VarianceThreshold()),
                ('learner',
                 RandomForestClassifier(bootstrap=False, criterion='entropy',
                                        max_features=1, min_samples_leaf=12,
                                        min_samples_split=20, n_estimators=512,
                                        warm_start=True))])",False,0.816,True,"{'accuracy': [0.8, 0.76, 0.88, 0.88, 0.76]}",ok,,sklearn.feature_selection._variance_threshold.VarianceThreshold,,,,sklearn.ensemble._forest.RandomForestClassifier,"{'bootstrap': 'False', 'criterion': 'entropy', 'max_depth': 'None', 'max_features': 0.04929951219115092, 'max_leaf_nodes': 'None', 'min_impurity_decrease': 0.0, 'min_samples_leaf': 12, 'min_samples_split': 20, 'min_weight_fraction_leaf': 0.0}"
85,1720630067.4304101,9.445149660110474,"Pipeline(steps=[('data-pre-processor', VarianceThreshold()),
                ('learner',
                 RandomForestClassifier(bootstrap=False, criterion='entropy',
                                        max_features=307, min_samples_leaf=9,
                                        min_samples_split=17, n_estimators=512,
                                        warm_start=True))])",False,0.84,True,"{'accuracy': [0.88, 0.68, 0.88, 0.88, 0.88]}",ok,,sklearn.feature_selection._variance_threshold.VarianceThreshold,,,,sklearn.ensemble._forest.RandomForestClassifier,"{'bootstrap': 'False', 'criterion': 'entropy', 'max_depth': 'None', 'max_features': 0.8590242727000158, 'max_leaf_nodes': 'None', 'min_impurity_decrease': 0.0, 'min_samples_leaf': 9, 'min_samples_split': 17, 'min_weight_fraction_leaf': 0.0}"
86,1720630076.8771653,1.2446043491363525,"Pipeline(steps=[('data-pre-processor', VarianceThreshold()),
                ('learner',
                 RandomForestClassifier(max_features=16, min_samples_leaf=12,
                                        min_samples_split=3, n_estimators=512,
                                        warm_start=True))])",False,0.824,True,"{'accuracy': [0.88, 0.76, 0.8, 0.88, 0.8]}",ok,,sklearn.feature_selection._variance_threshold.VarianceThreshold,,,,sklearn.ensemble._forest.RandomForestClassifier,"{'bootstrap': 'True', 'criterion': 'gini', 'max_depth': 'None', 'max_features': 0.41974884216420305, 'max_leaf_nodes': 'None', 'min_impurity_decrease': 0.0, 'min_samples_leaf': 12, 'min_samples_split': 3, 'min_weight_fraction_leaf': 0.0}"
87,1720630078.123534,1.3077869415283203,"Pipeline(steps=[('data-pre-processor', VarianceThreshold()),
                ('learner',
                 RandomForestClassifier(max_features=14, min_samples_leaf=8,
                                        min_samples_split=18, n_estimators=512,
                                        warm_start=True))])",False,0.808,True,"{'accuracy': [0.88, 0.8, 0.68, 0.84, 0.84]}",ok,,sklearn.feature_selection._variance_threshold.VarianceThreshold,,,,sklearn.ensemble._forest.RandomForestClassifier,"{'bootstrap': 'True', 'criterion': 'gini', 'max_depth': 'None', 'max_features': 0.39791654019240486, 'max_leaf_nodes': 'None', 'min_impurity_decrease': 0.0, 'min_samples_leaf': 8, 'min_samples_split': 18, 'min_weight_fraction_leaf': 0.0}"
88,1720630079.432943,1.885127305984497,"Pipeline(steps=[('data-pre-processor', VarianceThreshold()),
                ('learner',
                 RandomForestClassifier(criterion='entropy', max_features=47,
                                        min_samples_leaf=8,
                                        min_samples_split=16, n_estimators=512,
                                        warm_start=True))])",False,0.816,True,"{'accuracy': [0.8, 0.8, 0.72, 0.84, 0.92]}",ok,,sklearn.feature_selection._variance_threshold.VarianceThreshold,,,,sklearn.ensemble._forest.RandomForestClassifier,"{'bootstrap': 'True', 'criterion': 'entropy', 'max_depth': 'None', 'max_features': 0.5797350945835491, 'max_leaf_nodes': 'None', 'min_impurity_decrease': 0.0, 'min_samples_leaf': 8, 'min_samples_split': 16, 'min_weight_fraction_leaf': 0.0}"
89,1720630081.31966,1.0410246849060059,"Pipeline(steps=[('data-pre-processor', VarianceThreshold()),
                ('learner',
                 RandomForestClassifier(bootstrap=False, criterion='entropy',
                                        max_features=11, min_samples_leaf=15,
                                        min_samples_split=16, n_estimators=512,
                                        warm_start=True))])",False,0.776,True,"{'accuracy': [0.68, 0.8, 0.72, 0.84, 0.84]}",ok,,sklearn.feature_selection._variance_threshold.VarianceThreshold,,,,sklearn.ensemble._forest.RandomForestClassifier,"{'bootstrap': 'False', 'criterion': 'entropy', 'max_depth': 'None', 'max_features': 0.3693302776205005, 'max_leaf_nodes': 'None', 'min_impurity_decrease': 0.0, 'min_samples_leaf': 15, 'min_samples_split': 16, 'min_weight_fraction_leaf': 0.0}"
90,1720630082.3622165,1.2330024242401123,"Pipeline(steps=[('data-pre-processor', VarianceThreshold()),
                ('learner',
                 RandomForestClassifier(max_features=7, min_samples_leaf=6,
                                        n_estimators=512, warm_start=True))])",False,0.872,True,"{'accuracy': [0.92, 0.84, 0.92, 0.84, 0.84]}",ok,,sklearn.feature_selection._variance_threshold.VarianceThreshold,,,,sklearn.ensemble._forest.RandomForestClassifier,"{'bootstrap': 'True', 'criterion': 'gini', 'max_depth': 'None', 'max_features': 0.3049552510241508, 'max_leaf_nodes': 'None', 'min_impurity_decrease': 0.0, 'min_samples_leaf': 6, 'min_samples_split': 2, 'min_weight_fraction_leaf': 0.0}"
91,1720630083.5967722,4.497246742248535,"Pipeline(steps=[('data-pre-processor', VarianceThreshold()),
                ('learner',
                 RandomForestClassifier(criterion='entropy', max_features=320,
                                        min_samples_leaf=15,
                                        min_samples_split=11, n_estimators=512,
                                        warm_start=True))])",False,0.84,True,"{'accuracy': [0.84, 0.88, 0.8, 0.8, 0.88]}",ok,,sklearn.feature_selection._variance_threshold.VarianceThreshold,,,,sklearn.ensemble._forest.RandomForestClassifier,"{'bootstrap': 'True', 'criterion': 'entropy', 'max_depth': 'None', 'max_features': 0.8653945248862179, 'max_leaf_nodes': 'None', 'min_impurity_decrease': 0.0, 'min_samples_leaf': 15, 'min_samples_split': 11, 'min_weight_fraction_leaf': 0.0}"
92,1720630088.0955079,3.333784341812134,"Pipeline(steps=[('data-pre-processor', VarianceThreshold()),
                ('learner',
                 RandomForestClassifier(max_features=136, min_samples_leaf=6,
                                        min_samples_split=16, n_estimators=512,
                                        warm_start=True))])",False,0.832,True,"{'accuracy': [0.8, 0.84, 0.8, 0.84, 0.88]}",ok,,sklearn.feature_selection._variance_threshold.VarianceThreshold,,,,sklearn.ensemble._forest.RandomForestClassifier,"{'bootstrap': 'True', 'criterion': 'gini', 'max_depth': 'None', 'max_features': 0.7368623989120735, 'max_leaf_nodes': 'None', 'min_impurity_decrease': 0.0, 'min_samples_leaf': 6, 'min_samples_split': 16, 'min_weight_fraction_leaf': 0.0}"
93,1720630091.4309235,1.19394850730896,"Pipeline(steps=[('data-pre-processor', VarianceThreshold()),
                ('learner',
                 RandomForestClassifier(criterion='entropy', max_features=6,
                                        min_samples_leaf=5,
                                        min_samples_split=11, n_estimators=512,
                                        warm_start=True))])",False,0.84,True,"{'accuracy': [0.8, 0.92, 0.88, 0.8, 0.8]}",ok,,sklearn.feature_selection._variance_threshold.VarianceThreshold,,,,sklearn.ensemble._forest.RandomForestClassifier,"{'bootstrap': 'True', 'criterion': 'entropy', 'max_depth': 'None', 'max_features': 0.2815053210842636, 'max_leaf_nodes': 'None', 'min_impurity_decrease': 0.0, 'min_samples_leaf': 5, 'min_samples_split': 11, 'min_weight_fraction_leaf': 0.0}"
94,1720630092.6265948,1.3564307689666748,"Pipeline(steps=[('data-pre-processor', VarianceThreshold()),
                ('learner',
                 RandomForestClassifier(criterion='entropy', max_features=11,
                                        min_samples_split=16, n_estimators=512,
                                        warm_start=True))])",False,0.848,True,"{'accuracy': [0.72, 0.88, 0.84, 0.96, 0.84]}",ok,,sklearn.feature_selection._variance_threshold.VarianceThreshold,,,,sklearn.ensemble._forest.RandomForestClassifier,"{'bootstrap': 'True', 'criterion': 'entropy', 'max_depth': 'None', 'max_features': 0.365515817753595, 'max_leaf_nodes': 'None', 'min_impurity_decrease': 0.0, 'min_samples_leaf': 1, 'min_samples_split': 16, 'min_weight_fraction_leaf': 0.0}"
95,1720630093.9846137,1.6749200820922852,"Pipeline(steps=[('data-pre-processor', VarianceThreshold()),
                ('learner',
                 RandomForestClassifier(criterion='entropy', max_features=45,
                                        min_samples_leaf=12,
                                        min_samples_split=4, n_estimators=512,
                                        warm_start=True))])",False,0.816,True,"{'accuracy': [0.88, 0.76, 0.88, 0.76, 0.8]}",ok,,sklearn.feature_selection._variance_threshold.VarianceThreshold,,,,sklearn.ensemble._forest.RandomForestClassifier,"{'bootstrap': 'True', 'criterion': 'entropy', 'max_depth': 'None', 'max_features': 0.5716212799810652, 'max_leaf_nodes': 'None', 'min_impurity_decrease': 0.0, 'min_samples_leaf': 12, 'min_samples_split': 4, 'min_weight_fraction_leaf': 0.0}"
96,1720630095.661104,1.466733694076538,"Pipeline(steps=[('data-pre-processor', VarianceThreshold()),
                ('learner',
                 RandomForestClassifier(bootstrap=False, criterion='entropy',
                                        max_features=35, min_samples_leaf=20,
                                        min_samples_split=15, n_estimators=512,
                                        warm_start=True))])",False,0.824,True,"{'accuracy': [0.76, 0.84, 0.76, 0.88, 0.88]}",ok,,sklearn.feature_selection._variance_threshold.VarianceThreshold,,,,sklearn.ensemble._forest.RandomForestClassifier,"{'bootstrap': 'False', 'criterion': 'entropy', 'max_depth': 'None', 'max_features': 0.5337892034366929, 'max_leaf_nodes': 'None', 'min_impurity_decrease': 0.0, 'min_samples_leaf': 20, 'min_samples_split': 15, 'min_weight_fraction_leaf': 0.0}"
97,1720630097.1296394,2.565208673477173,"Pipeline(steps=[('data-pre-processor', VarianceThreshold()),
                ('learner',
                 RandomForestClassifier(bootstrap=False, max_features=56,
                                        min_samples_leaf=7, min_samples_split=8,
                                        n_estimators=512, warm_start=True))])",False,0.888,True,"{'accuracy': [0.88, 1.0, 0.96, 0.8, 0.8]}",ok,,sklearn.feature_selection._variance_threshold.VarianceThreshold,,,,sklearn.ensemble._forest.RandomForestClassifier,"{'bootstrap': 'False', 'criterion': 'gini', 'max_depth': 'None', 'max_features': 0.6042911945065438, 'max_leaf_nodes': 'None', 'min_impurity_decrease': 0.0, 'min_samples_leaf': 7, 'min_samples_split': 8, 'min_weight_fraction_leaf': 0.0}"
98,1720630099.6971862,1.399503231048584,"Pipeline(steps=[('data-pre-processor', VarianceThreshold()),
                ('learner',
                 RandomForestClassifier(max_features=49, min_samples_leaf=19,
                                        min_samples_split=12, n_estimators=512,
                                        warm_start=True))])",False,0.832,True,"{'accuracy': [0.88, 0.84, 0.84, 0.84, 0.76]}",ok,,sklearn.feature_selection._variance_threshold.VarianceThreshold,,,,sklearn.ensemble._forest.RandomForestClassifier,"{'bootstrap': 'True', 'criterion': 'gini', 'max_depth': 'None', 'max_features': 0.585720352310319, 'max_leaf_nodes': 'None', 'min_impurity_decrease': 0.0, 'min_samples_leaf': 19, 'min_samples_split': 12, 'min_weight_fraction_leaf': 0.0}"
99,1720630101.0982916,1.0523624420166016,"Pipeline(steps=[('data-pre-processor', VarianceThreshold()),
                ('learner',
                 RandomForestClassifier(bootstrap=False, max_features=9,
                                        min_samples_leaf=8,
                                        min_samples_split=12, n_estimators=512,
                                        warm_start=True))])",False,0.832,True,"{'accuracy': [0.88, 0.8, 0.8, 0.8, 0.88]}",ok,,sklearn.feature_selection._variance_threshold.VarianceThreshold,,,,sklearn.ensemble._forest.RandomForestClassifier,"{'bootstrap': 'False', 'criterion': 'gini', 'max_depth': 'None', 'max_features': 0.3363479384949737, 'max_leaf_nodes': 'None', 'min_impurity_decrease': 0.0, 'min_samples_leaf': 8, 'min_samples_split': 12, 'min_weight_fraction_leaf': 0.0}"
100,1720630102.152216,3.671076774597168,"Pipeline(steps=[('data-pre-processor', VarianceThreshold()),
                ('learner',
                 RandomForestClassifier(max_features=227, min_samples_leaf=13,
                                        min_samples_split=15, n_estimators=512,
                                        warm_start=True))])",False,0.84,True,"{'accuracy': [0.8, 0.8, 0.8, 0.88, 0.92]}",ok,,sklearn.feature_selection._variance_threshold.VarianceThreshold,,,,sklearn.ensemble._forest.RandomForestClassifier,"{'bootstrap': 'True', 'criterion': 'gini', 'max_depth': 'None', 'max_features': 0.8137256946601817, 'max_leaf_nodes': 'None', 'min_impurity_decrease': 0.0, 'min_samples_leaf': 13, 'min_samples_split': 15, 'min_weight_fraction_leaf': 0.0}"
101,1720630105.8249424,3.373091459274292,"Pipeline(steps=[('data-pre-processor', VarianceThreshold()),
                ('learner',
                 RandomForestClassifier(bootstrap=False, criterion='entropy',
                                        max_features=77, min_samples_leaf=6,
                                        min_samples_split=12, n_estimators=512,
                                        warm_start=True))])",False,0.824,True,"{'accuracy': [0.84, 0.8, 0.88, 0.76, 0.84]}",ok,,sklearn.feature_selection._variance_threshold.VarianceThreshold,,,,sklearn.ensemble._forest.RandomForestClassifier,"{'bootstrap': 'False', 'criterion': 'entropy', 'max_depth': 'None', 'max_features': 0.6528925248382987, 'max_leaf_nodes': 'None', 'min_impurity_decrease': 0.0, 'min_samples_leaf': 6, 'min_samples_split': 12, 'min_weight_fraction_leaf': 0.0}"
102,1720630109.1996357,1.0466434955596924,"Pipeline(steps=[('data-pre-processor', VarianceThreshold()),
                ('learner',
                 RandomForestClassifier(bootstrap=False, criterion='entropy',
                                        max_features=13, min_samples_leaf=18,
                                        min_samples_split=10, n_estimators=512,
                                        warm_start=True))])",False,0.832,True,"{'accuracy': [0.84, 0.76, 0.88, 0.88, 0.8]}",ok,,sklearn.feature_selection._variance_threshold.VarianceThreshold,,,,sklearn.ensemble._forest.RandomForestClassifier,"{'bootstrap': 'False', 'criterion': 'entropy', 'max_depth': 'None', 'max_features': 0.39169397031780406, 'max_leaf_nodes': 'None', 'min_impurity_decrease': 0.0, 'min_samples_leaf': 18, 'min_samples_split': 10, 'min_weight_fraction_leaf': 0.0}"
103,1720630110.2479057,0.820014476776123,"Pipeline(steps=[('data-pre-processor', VarianceThreshold()),
                ('learner',
                 RandomForestClassifier(bootstrap=False, max_features=3,
                                        min_samples_leaf=10,
                                        min_samples_split=14, n_estimators=512,
                                        warm_start=True))])",False,0.832,True,"{'accuracy': [0.88, 0.76, 0.76, 0.88, 0.88]}",ok,,sklearn.feature_selection._variance_threshold.VarianceThreshold,,,,sklearn.ensemble._forest.RandomForestClassifier,"{'bootstrap': 'False', 'criterion': 'gini', 'max_depth': 'None', 'max_features': 0.19247001469164682, 'max_leaf_nodes': 'None', 'min_impurity_decrease': 0.0, 'min_samples_leaf': 10, 'min_samples_split': 14, 'min_weight_fraction_leaf': 0.0}"
104,1720630111.0694695,9.69872522354126,"Pipeline(steps=[('data-pre-processor', VarianceThreshold()),
                ('learner',
                 RandomForestClassifier(bootstrap=False, max_features=358,
                                        min_samples_leaf=12,
                                        min_samples_split=15, n_estimators=512,
                                        warm_start=True))])",False,0.808,True,"{'accuracy': [0.72, 0.88, 0.8, 0.84, 0.8]}",ok,,sklearn.feature_selection._variance_threshold.VarianceThreshold,,,,sklearn.ensemble._forest.RandomForestClassifier,"{'bootstrap': 'False', 'criterion': 'gini', 'max_depth': 'None', 'max_features': 0.8819346346220885, 'max_leaf_nodes': 'None', 'min_impurity_decrease': 0.0, 'min_samples_leaf': 12, 'min_samples_split': 15, 'min_weight_fraction_leaf': 0.0}"
105,1720630120.769747,1.018674373626709,"Pipeline(steps=[('data-pre-processor', VarianceThreshold()),
                ('learner',
                 RandomForestClassifier(criterion='entropy', max_features=1,
                                        min_samples_leaf=18,
                                        min_samples_split=9, n_estimators=512,
                                        warm_start=True))])",False,0.832,True,"{'accuracy': [0.84, 0.84, 0.88, 0.8, 0.8]}",ok,,sklearn.feature_selection._variance_threshold.VarianceThreshold,,,,sklearn.ensemble._forest.RandomForestClassifier,"{'bootstrap': 'True', 'criterion': 'entropy', 'max_depth': 'None', 'max_features': 0.0341798256535677, 'max_leaf_nodes': 'None', 'min_impurity_decrease': 0.0, 'min_samples_leaf': 18, 'min_samples_split': 9, 'min_weight_fraction_leaf': 0.0}"
106,1720630121.78998,0.8772714138031006,"Pipeline(steps=[('data-pre-processor', VarianceThreshold()),
                ('learner',
                 RandomForestClassifier(bootstrap=False, max_features=3,
                                        min_samples_leaf=5,
                                        min_samples_split=18, n_estimators=512,
                                        warm_start=True))])",False,0.8,True,"{'accuracy': [0.88, 0.84, 0.8, 0.76, 0.72]}",ok,,sklearn.feature_selection._variance_threshold.VarianceThreshold,,,,sklearn.ensemble._forest.RandomForestClassifier,"{'bootstrap': 'False', 'criterion': 'gini', 'max_depth': 'None', 'max_features': 0.198869250356273, 'max_leaf_nodes': 'None', 'min_impurity_decrease': 0.0, 'min_samples_leaf': 5, 'min_samples_split': 18, 'min_weight_fraction_leaf': 0.0}"
107,1720630122.6688383,1.0346057415008545,"Pipeline(steps=[('data-pre-processor', VarianceThreshold()),
                ('learner',
                 RandomForestClassifier(max_features=2, min_samples_leaf=9,
                                        min_samples_split=3, n_estimators=512,
                                        warm_start=True))])",False,0.784,True,"{'accuracy': [0.8, 0.8, 0.92, 0.68, 0.72]}",ok,,sklearn.feature_selection._variance_threshold.VarianceThreshold,,,,sklearn.ensemble._forest.RandomForestClassifier,"{'bootstrap': 'True', 'criterion': 'gini', 'max_depth': 'None', 'max_features': 0.15473972243794953, 'max_leaf_nodes': 'None', 'min_impurity_decrease': 0.0, 'min_samples_leaf': 9, 'min_samples_split': 3, 'min_weight_fraction_leaf': 0.0}"
108,1720630123.7048542,4.647644281387329,"Pipeline(steps=[('data-pre-processor', VarianceThreshold()),
                ('learner',
                 RandomForestClassifier(criterion='entropy', max_features=230,
                                        min_samples_leaf=9,
                                        min_samples_split=17, n_estimators=512,
                                        warm_start=True))])",False,0.872,True,"{'accuracy': [0.88, 0.92, 0.96, 0.72, 0.88]}",ok,,sklearn.feature_selection._variance_threshold.VarianceThreshold,,,,sklearn.ensemble._forest.RandomForestClassifier,"{'bootstrap': 'True', 'criterion': 'entropy', 'max_depth': 'None', 'max_features': 0.8158039150908989, 'max_leaf_nodes': 'None', 'min_impurity_decrease': 0.0, 'min_samples_leaf': 9, 'min_samples_split': 17, 'min_weight_fraction_leaf': 0.0}"
109,1720630128.354076,0.8278689384460449,"Pipeline(steps=[('data-pre-processor', VarianceThreshold()),
                ('learner',
                 RandomForestClassifier(bootstrap=False, max_features=4,
                                        min_samples_leaf=17,
                                        min_samples_split=11, n_estimators=512,
                                        warm_start=True))])",False,0.808,True,"{'accuracy': [0.8, 0.88, 0.84, 0.84, 0.68]}",ok,,sklearn.feature_selection._variance_threshold.VarianceThreshold,,,,sklearn.ensemble._forest.RandomForestClassifier,"{'bootstrap': 'False', 'criterion': 'gini', 'max_depth': 'None', 'max_features': 0.22244376176596958, 'max_leaf_nodes': 'None', 'min_impurity_decrease': 0.0, 'min_samples_leaf': 17, 'min_samples_split': 11, 'min_weight_fraction_leaf': 0.0}"
110,1720630129.1835856,2.2021329402923584,"Pipeline(steps=[('data-pre-processor', VarianceThreshold()),
                ('learner',
                 RandomForestClassifier(criterion='entropy', max_features=69,
                                        min_samples_leaf=9,
                                        min_samples_split=17, n_estimators=512,
                                        warm_start=True))])",False,0.784,True,"{'accuracy': [0.88, 0.76, 0.68, 0.84, 0.76]}",ok,,sklearn.feature_selection._variance_threshold.VarianceThreshold,,,,sklearn.ensemble._forest.RandomForestClassifier,"{'bootstrap': 'True', 'criterion': 'entropy', 'max_depth': 'None', 'max_features': 0.6358241197418907, 'max_leaf_nodes': 'None', 'min_impurity_decrease': 0.0, 'min_samples_leaf': 9, 'min_samples_split': 17, 'min_weight_fraction_leaf': 0.0}"
111,1720630131.3873672,6.221677541732788,"Pipeline(steps=[('data-pre-processor', VarianceThreshold()),
                ('learner',
                 RandomForestClassifier(max_features=380, min_samples_leaf=10,
                                        min_samples_split=8, n_estimators=512,
                                        warm_start=True))])",False,0.776,True,"{'accuracy': [0.8, 0.72, 0.84, 0.76, 0.76]}",ok,,sklearn.feature_selection._variance_threshold.VarianceThreshold,,,,sklearn.ensemble._forest.RandomForestClassifier,"{'bootstrap': 'True', 'criterion': 'gini', 'max_depth': 'None', 'max_features': 0.891085395353462, 'max_leaf_nodes': 'None', 'min_impurity_decrease': 0.0, 'min_samples_leaf': 10, 'min_samples_split': 8, 'min_weight_fraction_leaf': 0.0}"
112,1720630137.610655,2.0481204986572266,"Pipeline(steps=[('data-pre-processor', VarianceThreshold()),
                ('learner',
                 RandomForestClassifier(max_features=71, min_samples_leaf=11,
                                        min_samples_split=9, n_estimators=512,
                                        warm_start=True))])",False,0.832,True,"{'accuracy': [0.88, 0.92, 0.84, 0.76, 0.76]}",ok,,sklearn.feature_selection._variance_threshold.VarianceThreshold,,,,sklearn.ensemble._forest.RandomForestClassifier,"{'bootstrap': 'True', 'criterion': 'gini', 'max_depth': 'None', 'max_features': 0.6394783041125491, 'max_leaf_nodes': 'None', 'min_impurity_decrease': 0.0, 'min_samples_leaf': 11, 'min_samples_split': 9, 'min_weight_fraction_leaf': 0.0}"
113,1720630139.6602104,1.1379146575927734,"Pipeline(steps=[('data-pre-processor', VarianceThreshold()),
                ('learner',
                 RandomForestClassifier(criterion='entropy', max_features=6,
                                        min_samples_leaf=8, min_samples_split=4,
                                        n_estimators=512, warm_start=True))])",False,0.776,True,"{'accuracy': [0.72, 0.8, 0.8, 0.8, 0.76]}",ok,,sklearn.feature_selection._variance_threshold.VarianceThreshold,,,,sklearn.ensemble._forest.RandomForestClassifier,"{'bootstrap': 'True', 'criterion': 'entropy', 'max_depth': 'None', 'max_features': 0.2688534654804108, 'max_leaf_nodes': 'None', 'min_impurity_decrease': 0.0, 'min_samples_leaf': 8, 'min_samples_split': 4, 'min_weight_fraction_leaf': 0.0}"
114,1720630140.8000133,0.7243609428405762,"Pipeline(steps=[('data-pre-processor', VarianceThreshold()),
                ('learner',
                 RandomForestClassifier(bootstrap=False, criterion='entropy',
                                        max_features=1, min_samples_leaf=14,
                                        min_samples_split=17, n_estimators=512,
                                        warm_start=True))])",False,0.808,True,"{'accuracy': [0.72, 0.76, 0.84, 0.84, 0.88]}",ok,,sklearn.feature_selection._variance_threshold.VarianceThreshold,,,,sklearn.ensemble._forest.RandomForestClassifier,"{'bootstrap': 'False', 'criterion': 'entropy', 'max_depth': 'None', 'max_features': 0.011418562919418784, 'max_leaf_nodes': 'None', 'min_impurity_decrease': 0.0, 'min_samples_leaf': 14, 'min_samples_split': 17, 'min_weight_fraction_leaf': 0.0}"
115,1720630141.5259354,0.7700886726379395,"Pipeline(steps=[('data-pre-processor', VarianceThreshold()),
                ('learner',
                 RandomForestClassifier(bootstrap=False, criterion='entropy',
                                        max_features=1, min_samples_leaf=8,
                                        n_estimators=512, warm_start=True))])",False,0.816,True,"{'accuracy': [0.84, 0.84, 0.68, 0.92, 0.8]}",ok,,sklearn.feature_selection._variance_threshold.VarianceThreshold,,,,sklearn.ensemble._forest.RandomForestClassifier,"{'bootstrap': 'False', 'criterion': 'entropy', 'max_depth': 'None', 'max_features': 0.04589144977675741, 'max_leaf_nodes': 'None', 'min_impurity_decrease': 0.0, 'min_samples_leaf': 8, 'min_samples_split': 2, 'min_weight_fraction_leaf': 0.0}"
116,1720630142.298037,2.0953211784362793,"Pipeline(steps=[('data-pre-processor', VarianceThreshold()),
                ('learner',
                 RandomForestClassifier(bootstrap=False, criterion='entropy',
                                        max_features=52, min_samples_leaf=15,
                                        min_samples_split=14, n_estimators=512,
                                        warm_start=True))])",False,0.8,True,"{'accuracy': [0.88, 0.68, 0.8, 0.8, 0.84]}",ok,,sklearn.feature_selection._variance_threshold.VarianceThreshold,,,,sklearn.ensemble._forest.RandomForestClassifier,"{'bootstrap': 'False', 'criterion': 'entropy', 'max_depth': 'None', 'max_features': 0.5948403030412085, 'max_leaf_nodes': 'None', 'min_impurity_decrease': 0.0, 'min_samples_leaf': 15, 'min_samples_split': 14, 'min_weight_fraction_leaf': 0.0}"
117,1720630144.3953912,0.9570634365081787,"Pipeline(steps=[('data-pre-processor', VarianceThreshold()),
                ('learner',
                 RandomForestClassifier(bootstrap=False, max_features=4,
                                        min_samples_split=20, n_estimators=512,
                                        warm_start=True))])",False,0.808,True,"{'accuracy': [0.92, 0.88, 0.68, 0.76, 0.8]}",ok,,sklearn.feature_selection._variance_threshold.VarianceThreshold,,,,sklearn.ensemble._forest.RandomForestClassifier,"{'bootstrap': 'False', 'criterion': 'gini', 'max_depth': 'None', 'max_features': 0.23600648223648224, 'max_leaf_nodes': 'None', 'min_impurity_decrease': 0.0, 'min_samples_leaf': 1, 'min_samples_split': 20, 'min_weight_fraction_leaf': 0.0}"
118,1720630145.3539934,2.6490371227264404,"Pipeline(steps=[('data-pre-processor', VarianceThreshold()),
                ('learner',
                 RandomForestClassifier(bootstrap=False, criterion='entropy',
                                        max_features=66, min_samples_leaf=12,
                                        min_samples_split=17, n_estimators=512,
                                        warm_start=True))])",False,0.864,True,"{'accuracy': [0.76, 0.84, 0.88, 0.92, 0.92]}",ok,,sklearn.feature_selection._variance_threshold.VarianceThreshold,,,,sklearn.ensemble._forest.RandomForestClassifier,"{'bootstrap': 'False', 'criterion': 'entropy', 'max_depth': 'None', 'max_features': 0.6294976812110623, 'max_leaf_nodes': 'None', 'min_impurity_decrease': 0.0, 'min_samples_leaf': 12, 'min_samples_split': 17, 'min_weight_fraction_leaf': 0.0}"
119,1720630148.0046506,2.4336674213409424,"Pipeline(steps=[('data-pre-processor', VarianceThreshold()),
                ('learner',
                 RandomForestClassifier(bootstrap=False, max_features=37,
                                        min_samples_split=8, n_estimators=512,
                                        warm_start=True))])",False,0.784,True,"{'accuracy': [0.88, 0.76, 0.84, 0.76, 0.68]}",ok,,sklearn.feature_selection._variance_threshold.VarianceThreshold,,,,sklearn.ensemble._forest.RandomForestClassifier,"{'bootstrap': 'False', 'criterion': 'gini', 'max_depth': 'None', 'max_features': 0.5438294484618286, 'max_leaf_nodes': 'None', 'min_impurity_decrease': 0.0, 'min_samples_leaf': 1, 'min_samples_split': 8, 'min_weight_fraction_leaf': 0.0}"
120,1720630150.4399328,1.1632487773895264,"Pipeline(steps=[('data-pre-processor', VarianceThreshold()),
                ('learner',
                 RandomForestClassifier(max_features=21, min_samples_leaf=19,
                                        min_samples_split=11, n_estimators=512,
                                        warm_start=True))])",False,0.808,True,"{'accuracy': [0.8, 0.96, 0.88, 0.68, 0.72]}",ok,,sklearn.feature_selection._variance_threshold.VarianceThreshold,,,,sklearn.ensemble._forest.RandomForestClassifier,"{'bootstrap': 'True', 'criterion': 'gini', 'max_depth': 'None', 'max_features': 0.46330541369920586, 'max_leaf_nodes': 'None', 'min_impurity_decrease': 0.0, 'min_samples_leaf': 19, 'min_samples_split': 11, 'min_weight_fraction_leaf': 0.0}"
121,1720630151.604784,0.9877450466156006,"Pipeline(steps=[('data-pre-processor', VarianceThreshold()),
                ('learner',
                 RandomForestClassifier(bootstrap=False, criterion='entropy',
                                        max_features=8, min_samples_leaf=12,
                                        min_samples_split=5, n_estimators=512,
                                        warm_start=True))])",False,0.824,True,"{'accuracy': [0.84, 0.92, 0.88, 0.76, 0.72]}",ok,,sklearn.feature_selection._variance_threshold.VarianceThreshold,,,,sklearn.ensemble._forest.RandomForestClassifier,"{'bootstrap': 'False', 'criterion': 'entropy', 'max_depth': 'None', 'max_features': 0.32529694551316235, 'max_leaf_nodes': 'None', 'min_impurity_decrease': 0.0, 'min_samples_leaf': 12, 'min_samples_split': 5, 'min_weight_fraction_leaf': 0.0}"
122,1720630152.5941145,0.8866097927093506,"Pipeline(steps=[('data-pre-processor', VarianceThreshold()),
                ('learner',
                 RandomForestClassifier(bootstrap=False, max_features=3,
                                        min_samples_split=19, n_estimators=512,
                                        warm_start=True))])",False,0.752,True,"{'accuracy': [0.8, 0.76, 0.76, 0.76, 0.68]}",ok,,sklearn.feature_selection._variance_threshold.VarianceThreshold,,,,sklearn.ensemble._forest.RandomForestClassifier,"{'bootstrap': 'False', 'criterion': 'gini', 'max_depth': 'None', 'max_features': 0.20567993501635817, 'max_leaf_nodes': 'None', 'min_impurity_decrease': 0.0, 'min_samples_leaf': 1, 'min_samples_split': 19, 'min_weight_fraction_leaf': 0.0}"
123,1720630153.4823935,6.404061555862427,"Pipeline(steps=[('data-pre-processor', VarianceThreshold()),
                ('learner',
                 RandomForestClassifier(criterion='entropy', max_features=344,
                                        min_samples_leaf=9,
                                        min_samples_split=10, n_estimators=512,
                                        warm_start=True))])",False,0.88,True,"{'accuracy': [0.96, 0.76, 0.88, 0.84, 0.96]}",ok,,sklearn.feature_selection._variance_threshold.VarianceThreshold,,,,sklearn.ensemble._forest.RandomForestClassifier,"{'bootstrap': 'True', 'criterion': 'entropy', 'max_depth': 'None', 'max_features': 0.8762348835764584, 'max_leaf_nodes': 'None', 'min_impurity_decrease': 0.0, 'min_samples_leaf': 9, 'min_samples_split': 10, 'min_weight_fraction_leaf': 0.0}"
124,1720630159.8883445,1.346843957901001,"Pipeline(steps=[('data-pre-processor', VarianceThreshold()),
                ('learner',
                 RandomForestClassifier(max_features=15, min_samples_leaf=4,
                                        min_samples_split=10, n_estimators=512,
                                        warm_start=True))])",False,0.808,True,"{'accuracy': [0.8, 0.84, 0.84, 0.8, 0.76]}",ok,,sklearn.feature_selection._variance_threshold.VarianceThreshold,,,,sklearn.ensemble._forest.RandomForestClassifier,"{'bootstrap': 'True', 'criterion': 'gini', 'max_depth': 'None', 'max_features': 0.4156291933265651, 'max_leaf_nodes': 'None', 'min_impurity_decrease': 0.0, 'min_samples_leaf': 4, 'min_samples_split': 10, 'min_weight_fraction_leaf': 0.0}"
125,1720630161.2368112,1.4018902778625488,"Pipeline(steps=[('data-pre-processor', VarianceThreshold()),
                ('learner',
                 RandomForestClassifier(max_features=52, min_samples_leaf=20,
                                        n_estimators=512, warm_start=True))])",False,0.8,True,"{'accuracy': [0.8, 0.84, 0.68, 0.84, 0.84]}",ok,,sklearn.feature_selection._variance_threshold.VarianceThreshold,,,,sklearn.ensemble._forest.RandomForestClassifier,"{'bootstrap': 'True', 'criterion': 'gini', 'max_depth': 'None', 'max_features': 0.5947364351842765, 'max_leaf_nodes': 'None', 'min_impurity_decrease': 0.0, 'min_samples_leaf': 20, 'min_samples_split': 2, 'min_weight_fraction_leaf': 0.0}"
126,1720630162.6402764,12.761529684066772,"Pipeline(steps=[('data-pre-processor', VarianceThreshold()),
                ('learner',
                 RandomForestClassifier(bootstrap=False, criterion='entropy',
                                        max_features=314, min_samples_split=5,
                                        n_estimators=512, warm_start=True))])",False,0.816,True,"{'accuracy': [0.88, 0.8, 0.8, 0.88, 0.72]}",ok,,sklearn.feature_selection._variance_threshold.VarianceThreshold,,,,sklearn.ensemble._forest.RandomForestClassifier,"{'bootstrap': 'False', 'criterion': 'entropy', 'max_depth': 'None', 'max_features': 0.8624250254700292, 'max_leaf_nodes': 'None', 'min_impurity_decrease': 0.0, 'min_samples_leaf': 1, 'min_samples_split': 5, 'min_weight_fraction_leaf': 0.0}"
127,1720630175.403403,0.9389462471008301,"Pipeline(steps=[('data-pre-processor', VarianceThreshold()),
                ('learner',
                 RandomForestClassifier(bootstrap=False, max_features=5,
                                        min_samples_leaf=5,
                                        min_samples_split=10, n_estimators=512,
                                        warm_start=True))])",False,0.808,True,"{'accuracy': [0.76, 0.88, 0.72, 0.88, 0.8]}",ok,,sklearn.feature_selection._variance_threshold.VarianceThreshold,,,,sklearn.ensemble._forest.RandomForestClassifier,"{'bootstrap': 'False', 'criterion': 'gini', 'max_depth': 'None', 'max_features': 0.2624389739568749, 'max_leaf_nodes': 'None', 'min_impurity_decrease': 0.0, 'min_samples_leaf': 5, 'min_samples_split': 10, 'min_weight_fraction_leaf': 0.0}"
128,1720630176.3439527,1.0520789623260498,"Pipeline(steps=[('data-pre-processor', VarianceThreshold()),
                ('learner',
                 RandomForestClassifier(max_features=2, min_samples_leaf=6,
                                        min_samples_split=16, n_estimators=512,
                                        warm_start=True))])",False,0.792,True,"{'accuracy': [0.8, 0.84, 0.84, 0.72, 0.76]}",ok,,sklearn.feature_selection._variance_threshold.VarianceThreshold,,,,sklearn.ensemble._forest.RandomForestClassifier,"{'bootstrap': 'True', 'criterion': 'gini', 'max_depth': 'None', 'max_features': 0.15116688036710202, 'max_leaf_nodes': 'None', 'min_impurity_decrease': 0.0, 'min_samples_leaf': 6, 'min_samples_split': 16, 'min_weight_fraction_leaf': 0.0}"
129,1720630177.3975842,0.826179027557373,"Pipeline(steps=[('data-pre-processor', VarianceThreshold()),
                ('learner',
                 RandomForestClassifier(bootstrap=False, criterion='entropy',
                                        max_features=1, min_samples_split=7,
                                        n_estimators=512, warm_start=True))])",False,0.848,True,"{'accuracy': [0.8, 0.8, 0.88, 0.88, 0.88]}",ok,,sklearn.feature_selection._variance_threshold.VarianceThreshold,,,,sklearn.ensemble._forest.RandomForestClassifier,"{'bootstrap': 'False', 'criterion': 'entropy', 'max_depth': 'None', 'max_features': 0.0868844233495738, 'max_leaf_nodes': 'None', 'min_impurity_decrease': 0.0, 'min_samples_leaf': 1, 'min_samples_split': 7, 'min_weight_fraction_leaf': 0.0}"
130,1720630178.2252927,1.3655064105987549,"Pipeline(steps=[('data-pre-processor', VarianceThreshold()),
                ('learner',
                 RandomForestClassifier(bootstrap=False, max_features=19,
                                        min_samples_leaf=9,
                                        min_samples_split=19, n_estimators=512,
                                        warm_start=True))])",False,0.8,True,"{'accuracy': [0.72, 0.68, 0.84, 0.92, 0.84]}",ok,,sklearn.feature_selection._variance_threshold.VarianceThreshold,,,,sklearn.ensemble._forest.RandomForestClassifier,"{'bootstrap': 'False', 'criterion': 'gini', 'max_depth': 'None', 'max_features': 0.4479596920248381, 'max_leaf_nodes': 'None', 'min_impurity_decrease': 0.0, 'min_samples_leaf': 9, 'min_samples_split': 19, 'min_weight_fraction_leaf': 0.0}"
