,time,runtime,pipeline,default_hp,roc_auc,new_best,evaluation_report,status,exception,data-pre-processor_class,data-pre-processor_hps,feature-pre-processor_class,feature-pre-processor_hps,learner_class,learner_hps
0,1720685267.5829976,0.18391799926757812,"Pipeline(steps=[('learner', ExtraTreesClassifier())])",True,0.795,True,"{'roc_auc': [0.92, 0.8699999999999999, 0.705, 0.78, 0.7]}",ok,,,,,,sklearn.ensemble._forest.ExtraTreesClassifier,
1,1720685267.9003565,0.3164865970611572,"Pipeline(steps=[('learner', RandomForestClassifier())])",True,0.789,False,"{'roc_auc': [0.76, 0.645, 0.8049999999999999, 0.8999999999999999, 0.835]}",ok,,,,,,sklearn.ensemble._forest.RandomForestClassifier,
2,1720685268.2805667,0.3790919780731201,"Pipeline(steps=[('learner', HistGradientBoostingClassifier())])",True,0.748,False,"{'roc_auc': [0.62, 0.9299999999999999, 0.77, 0.83, 0.5900000000000001]}",ok,,,,,,sklearn.ensemble.HistGradientBoostingClassifier,
3,1720685268.291062,0.010030984878540039,"Pipeline(steps=[('learner', BernoulliNB())])",True,0.592,False,"{'roc_auc': [0.3899999999999999, 0.655, 0.695, 0.61, 0.6100000000000001]}",ok,,,,,,sklearn.naive_bayes.BernoulliNB,
4,1720685268.3422337,0.050572872161865234,"Pipeline(steps=[('learner', DecisionTreeClassifier())])",True,0.63,False,"{'roc_auc': [0.75, 0.6000000000000001, 0.5499999999999999, 0.55, 0.7]}",ok,,,,,,sklearn.tree._classes.DecisionTreeClassifier,
5,1720685268.3495262,0.007039546966552734,"Pipeline(steps=[('learner', GaussianNB())])",True,0.718,False,"{'roc_auc': [0.8500000000000001, 0.7, 0.73, 0.66, 0.65]}",ok,,,,,,sklearn.naive_bayes.GaussianNB,
6,1720685268.365672,0.015758037567138672,"Pipeline(steps=[('learner', KNeighborsClassifier())])",True,0.719,False,"{'roc_auc': [0.7949999999999999, 0.82, 0.6699999999999999, 0.5700000000000001, 0.74]}",ok,,,,,,sklearn.neighbors._classification.KNeighborsClassifier,
7,1720685269.9805477,1.6144213676452637,"Pipeline(steps=[('learner', LinearDiscriminantAnalysis())])",True,0.638,False,"{'roc_auc': [0.7200000000000001, 0.61, 0.76, 0.5599999999999999, 0.54]}",ok,,,,,,sklearn.discriminant_analysis.LinearDiscriminantAnalysis,
8,1720685270.0492597,0.06819486618041992,"Pipeline(steps=[('learner', QuadraticDiscriminantAnalysis())])",True,0.482,False,"{'roc_auc': [0.36, 0.44999999999999996, 0.36000000000000004, 0.45999999999999996, 0.78]}",ok,,,,,,sklearn.discriminant_analysis.QuadraticDiscriminantAnalysis,
9,1720685270.5283113,0.47788238525390625,"Pipeline(steps=[('learner', SVC(kernel='linear'))])",True,0.476,False,"{'roc_auc': [0.39, 0.47, 0.61, 0.51, 0.4]}",ok,,,,,,sklearn.svm._classes.SVC,
10,1720685270.5519373,0.022470712661743164,"Pipeline(steps=[('learner', SVC())])",True,0.578,False,"{'roc_auc': [0.55, 0.8200000000000001, 0.63, 0.37, 0.52]}",ok,,,,,,sklearn.svm._classes.SVC,
11,1720685270.5747268,0.021525859832763672,"Pipeline(steps=[('learner', SVC(kernel='poly'))])",True,0.59,False,"{'roc_auc': [0.64, 0.64, 0.63, 0.44, 0.6]}",ok,,,,,,sklearn.svm._classes.SVC,
12,1720685270.597367,0.021366119384765625,"Pipeline(steps=[('learner', SVC(kernel='sigmoid'))])",True,0.6,False,"{'roc_auc': [0.62, 0.79, 0.7200000000000001, 0.37, 0.5]}",ok,,,,,,sklearn.svm._classes.SVC,
13,1720685271.0568779,0.4581422805786133,"Pipeline(steps=[('learner', MLPClassifier())])",True,0.392,False,"{'roc_auc': [0.29, 0.385, 0.38, 0.395, 0.51]}",ok,,,,,,sklearn.neural_network._multilayer_perceptron.MLPClassifier,
14,1720685271.0601861,0.002594470977783203,"Pipeline(steps=[('learner', MultinomialNB())])",True,,False,,exception,"Traceback (most recent call last):
  File ""/home/till/PycharmProjects/watchplant_classification/venv/lib/python3.10/site-packages/naiveautoml/commons.py"", line 168, in evaluate
    scores, evaluation_report = self.evaluation_fun(pl, self.X, self.y, [self.scoring] + self.side_scores)
  File ""/home/till/PycharmProjects/watchplant_classification/venv/lib/python3.10/site-packages/naiveautoml/evaluators.py"", line 95, in __call__
    scores = self.evaluate_splits(
  File ""/home/till/PycharmProjects/watchplant_classification/venv/lib/python3.10/site-packages/naiveautoml/evaluators.py"", line 121, in evaluate_splits
    split_results = self.evaluate_split(
  File ""/home/till/PycharmProjects/watchplant_classification/venv/lib/python3.10/site-packages/naiveautoml/evaluators.py"", line 142, in evaluate_split
    pl_copy.fit(X_train, y_train)
  File ""/home/till/PycharmProjects/watchplant_classification/venv/lib/python3.10/site-packages/sklearn/base.py"", line 1351, in wrapper
    return fit_method(estimator, *args, **kwargs)
  File ""/home/till/PycharmProjects/watchplant_classification/venv/lib/python3.10/site-packages/sklearn/pipeline.py"", line 475, in fit
    self._final_estimator.fit(Xt, y, **last_step_params[""fit""])
  File ""/home/till/PycharmProjects/watchplant_classification/venv/lib/python3.10/site-packages/sklearn/base.py"", line 1351, in wrapper
    return fit_method(estimator, *args, **kwargs)
  File ""/home/till/PycharmProjects/watchplant_classification/venv/lib/python3.10/site-packages/sklearn/naive_bayes.py"", line 759, in fit
    self._count(X, Y)
  File ""/home/till/PycharmProjects/watchplant_classification/venv/lib/python3.10/site-packages/sklearn/naive_bayes.py"", line 881, in _count
    check_non_negative(X, ""MultinomialNB (input X)"")
  File ""/home/till/PycharmProjects/watchplant_classification/venv/lib/python3.10/site-packages/sklearn/utils/validation.py"", line 1572, in check_non_negative
    raise ValueError(""Negative values in data passed to %s"" % whom)
ValueError: Negative values in data passed to MultinomialNB (input X)
",,,,,sklearn.naive_bayes.MultinomialNB,
15,1720685271.062257,0.0016772747039794922,"Pipeline(steps=[('data-pre-processor', MinMaxScaler()),
                ('learner', ExtraTreesClassifier())])",True,,False,,avoided,,sklearn.preprocessing._data.MinMaxScaler,,,,sklearn.ensemble._forest.ExtraTreesClassifier,
16,1720685271.2830162,0.2203521728515625,"Pipeline(steps=[('data-pre-processor', Normalizer()),
                ('learner', ExtraTreesClassifier())])",True,0.814,True,"{'roc_auc': [0.7150000000000001, 0.78, 0.9549999999999998, 0.8150000000000001, 0.8049999999999999]}",ok,,sklearn.preprocessing._data.Normalizer,,,,sklearn.ensemble._forest.ExtraTreesClassifier,
17,1720685271.2850358,0.0010647773742675781,"Pipeline(steps=[('data-pre-processor', PowerTransformer()),
                ('learner', ExtraTreesClassifier())])",True,,False,,avoided,,sklearn.preprocessing._data.PowerTransformer,,,,sklearn.ensemble._forest.ExtraTreesClassifier,
18,1720685271.2865772,0.0010874271392822266,"Pipeline(steps=[('data-pre-processor', QuantileTransformer()),
                ('learner', ExtraTreesClassifier())])",True,,False,,avoided,,sklearn.preprocessing._data.QuantileTransformer,,,,sklearn.ensemble._forest.ExtraTreesClassifier,
19,1720685271.2879782,0.001031637191772461,"Pipeline(steps=[('data-pre-processor', RobustScaler()),
                ('learner', ExtraTreesClassifier())])",True,,False,,avoided,,sklearn.preprocessing._data.RobustScaler,,,,sklearn.ensemble._forest.ExtraTreesClassifier,
20,1720685271.2891908,0.0009431838989257812,"Pipeline(steps=[('data-pre-processor', StandardScaler()),
                ('learner', ExtraTreesClassifier())])",True,,False,,avoided,,sklearn.preprocessing._data.StandardScaler,,,,sklearn.ensemble._forest.ExtraTreesClassifier,
21,1720685271.483608,0.1940627098083496,"Pipeline(steps=[('data-pre-processor', VarianceThreshold()),
                ('learner', ExtraTreesClassifier())])",True,0.81,False,"{'roc_auc': [0.9400000000000001, 0.865, 0.6799999999999999, 0.78, 0.785]}",ok,,sklearn.feature_selection._variance_threshold.VarianceThreshold,,,,sklearn.ensemble._forest.ExtraTreesClassifier,
22,1720685289.9751806,18.490846395492554,"Pipeline(steps=[('data-pre-processor', Normalizer()),
                ('feature-pre-processor', FastICA()),
                ('learner', ExtraTreesClassifier())])",True,0.46,False,"{'roc_auc': [0.39999999999999997, 0.35, 0.44999999999999996, 0.55, 0.55]}",ok,,sklearn.preprocessing._data.Normalizer,,sklearn.decomposition._fastica.FastICA,,sklearn.ensemble._forest.ExtraTreesClassifier,
23,1720685290.1986809,0.22241663932800293,"Pipeline(steps=[('data-pre-processor', Normalizer()),
                ('feature-pre-processor', FeatureAgglomeration()),
                ('learner', ExtraTreesClassifier())])",True,0.732,False,"{'roc_auc': [0.715, 0.78, 0.705, 0.82, 0.64]}",ok,,sklearn.preprocessing._data.Normalizer,,sklearn.cluster._agglomerative.FeatureAgglomeration,,sklearn.ensemble._forest.ExtraTreesClassifier,
24,1720685290.2013059,0.0015087127685546875,"Pipeline(steps=[('data-pre-processor', Normalizer()),
                ('feature-pre-processor', KernelPCA()),
                ('learner', ExtraTreesClassifier())])",True,,False,,avoided,,sklearn.preprocessing._data.Normalizer,,sklearn.decomposition._kernel_pca.KernelPCA,,sklearn.ensemble._forest.ExtraTreesClassifier,
25,1720685290.2029524,0.0012011528015136719,"Pipeline(steps=[('data-pre-processor', Normalizer()),
                ('feature-pre-processor', RBFSampler()),
                ('learner', ExtraTreesClassifier())])",True,,False,,avoided,,sklearn.preprocessing._data.Normalizer,,sklearn.kernel_approximation.RBFSampler,,sklearn.ensemble._forest.ExtraTreesClassifier,
26,1720685290.2049987,0.0013344287872314453,"Pipeline(steps=[('data-pre-processor', Normalizer()),
                ('feature-pre-processor', Nystroem()),
                ('learner', ExtraTreesClassifier())])",True,,False,,avoided,,sklearn.preprocessing._data.Normalizer,,sklearn.kernel_approximation.Nystroem,,sklearn.ensemble._forest.ExtraTreesClassifier,
27,1720685291.6364098,1.430999517440796,"Pipeline(steps=[('data-pre-processor', Normalizer()),
                ('feature-pre-processor', PCA()),
                ('learner', ExtraTreesClassifier())])",True,0.557,False,"{'roc_auc': [0.525, 0.605, 0.565, 0.5549999999999999, 0.535]}",ok,,sklearn.preprocessing._data.Normalizer,,sklearn.decomposition._pca.PCA,,sklearn.ensemble._forest.ExtraTreesClassifier,
28,1720685293.7314613,2.0941131114959717,"Pipeline(steps=[('data-pre-processor', Normalizer()),
                ('feature-pre-processor', PolynomialFeatures()),
                ('learner', ExtraTreesClassifier())])",True,0.758,False,"{'roc_auc': [0.8300000000000001, 0.68, 0.73, 0.705, 0.845]}",ok,,sklearn.preprocessing._data.Normalizer,,sklearn.preprocessing._polynomial.PolynomialFeatures,,sklearn.ensemble._forest.ExtraTreesClassifier,
29,1720685293.9006968,0.16847777366638184,"Pipeline(steps=[('data-pre-processor', Normalizer()),
                ('feature-pre-processor', SelectPercentile()),
                ('learner', ExtraTreesClassifier())])",True,0.779,False,"{'roc_auc': [0.785, 0.805, 0.7949999999999999, 0.78, 0.73]}",ok,,sklearn.preprocessing._data.Normalizer,,sklearn.feature_selection._univariate_selection.SelectPercentile,,sklearn.ensemble._forest.ExtraTreesClassifier,
30,1720685294.0735343,0.17221999168395996,"Pipeline(steps=[('data-pre-processor', Normalizer()),
                ('feature-pre-processor', GenericUnivariateSelect()),
                ('learner', ExtraTreesClassifier())])",True,0.543,False,"{'roc_auc': [0.5700000000000001, 0.5549999999999999, 0.48000000000000004, 0.64, 0.47000000000000003]}",ok,,sklearn.preprocessing._data.Normalizer,,sklearn.feature_selection._univariate_selection.GenericUnivariateSelect,,sklearn.ensemble._forest.ExtraTreesClassifier,
31,1720685294.0765634,1.558445692062378,"Pipeline(steps=[('data-pre-processor', Normalizer()),
                ('learner',
                 ExtraTreesClassifier(bootstrap=True, criterion='entropy',
                                      max_features=0.726861356615388,
                                      min_samples_leaf=10, min_samples_split=18,
                                      n_estimators=512, warm_start=True))])",False,0.798,True,"{'roc_auc': [0.68, 0.8700000000000001, 0.7599999999999999, 0.83, 0.8500000000000001]}",ok,,sklearn.preprocessing._data.Normalizer,,,,sklearn.ensemble._forest.ExtraTreesClassifier,"{'bootstrap': 'True', 'criterion': 'entropy', 'max_depth': 'None', 'max_features': 0.726861356615388, 'max_leaf_nodes': 'None', 'min_impurity_decrease': 0.0, 'min_samples_leaf': 10, 'min_samples_split': 18, 'min_weight_fraction_leaf': 0.0}"
32,1720685295.6363537,2.5982837677001953,"Pipeline(steps=[('data-pre-processor', Normalizer()),
                ('learner',
                 ExtraTreesClassifier(criterion='entropy',
                                      max_features=0.9936287940366877,
                                      min_samples_leaf=4, min_samples_split=18,
                                      n_estimators=512, warm_start=True))])",False,0.644,True,"{'roc_auc': [0.64, 0.66, 0.62, 0.62, 0.6799999999999999]}",ok,,sklearn.preprocessing._data.Normalizer,,,,sklearn.ensemble._forest.ExtraTreesClassifier,"{'bootstrap': 'False', 'criterion': 'entropy', 'max_depth': 'None', 'max_features': 0.9936287940366877, 'max_leaf_nodes': 'None', 'min_impurity_decrease': 0.0, 'min_samples_leaf': 4, 'min_samples_split': 18, 'min_weight_fraction_leaf': 0.0}"
33,1720685298.2361343,2.3050754070281982,"Pipeline(steps=[('data-pre-processor', Normalizer()),
                ('learner',
                 ExtraTreesClassifier(criterion='entropy',
                                      max_features=0.9300980458524181,
                                      min_samples_leaf=8, min_samples_split=18,
                                      n_estimators=512, warm_start=True))])",False,0.756,True,"{'roc_auc': [0.83, 0.65, 0.92, 0.6599999999999999, 0.72]}",ok,,sklearn.preprocessing._data.Normalizer,,,,sklearn.ensemble._forest.ExtraTreesClassifier,"{'bootstrap': 'False', 'criterion': 'entropy', 'max_depth': 'None', 'max_features': 0.9300980458524181, 'max_leaf_nodes': 'None', 'min_impurity_decrease': 0.0, 'min_samples_leaf': 8, 'min_samples_split': 18, 'min_weight_fraction_leaf': 0.0}"
34,1720685300.5426497,1.1814069747924805,"Pipeline(steps=[('data-pre-processor', Normalizer()),
                ('learner',
                 ExtraTreesClassifier(bootstrap=True, criterion='entropy',
                                      max_features=0.21442042163450337,
                                      min_samples_leaf=9, min_samples_split=3,
                                      n_estimators=512, warm_start=True))])",False,0.844,True,"{'roc_auc': [0.8400000000000001, 0.91, 0.79, 0.9600000000000001, 0.72]}",ok,,sklearn.preprocessing._data.Normalizer,,,,sklearn.ensemble._forest.ExtraTreesClassifier,"{'bootstrap': 'True', 'criterion': 'entropy', 'max_depth': 'None', 'max_features': 0.21442042163450337, 'max_leaf_nodes': 'None', 'min_impurity_decrease': 0.0, 'min_samples_leaf': 9, 'min_samples_split': 3, 'min_weight_fraction_leaf': 0.0}"
35,1720685301.725494,1.4833683967590332,"Pipeline(steps=[('data-pre-processor', Normalizer()),
                ('learner',
                 ExtraTreesClassifier(bootstrap=True,
                                      max_features=0.3933535086069412,
                                      min_samples_leaf=6, min_samples_split=5,
                                      n_estimators=512, warm_start=True))])",False,0.73,True,"{'roc_auc': [0.58, 0.7, 0.77, 0.72, 0.88]}",ok,,sklearn.preprocessing._data.Normalizer,,,,sklearn.ensemble._forest.ExtraTreesClassifier,"{'bootstrap': 'True', 'criterion': 'gini', 'max_depth': 'None', 'max_features': 0.3933535086069412, 'max_leaf_nodes': 'None', 'min_impurity_decrease': 0.0, 'min_samples_leaf': 6, 'min_samples_split': 5, 'min_weight_fraction_leaf': 0.0}"
36,1720685303.2102597,1.2559375762939453,"Pipeline(steps=[('data-pre-processor', Normalizer()),
                ('learner',
                 ExtraTreesClassifier(bootstrap=True, criterion='entropy',
                                      max_features=0.6843402060082044,
                                      min_samples_leaf=16, min_samples_split=14,
                                      n_estimators=512, warm_start=True))])",False,0.736,True,"{'roc_auc': [0.68, 0.66, 0.86, 0.81, 0.67]}",ok,,sklearn.preprocessing._data.Normalizer,,,,sklearn.ensemble._forest.ExtraTreesClassifier,"{'bootstrap': 'True', 'criterion': 'entropy', 'max_depth': 'None', 'max_features': 0.6843402060082044, 'max_leaf_nodes': 'None', 'min_impurity_decrease': 0.0, 'min_samples_leaf': 16, 'min_samples_split': 14, 'min_weight_fraction_leaf': 0.0}"
37,1720685304.4675741,1.0791091918945312,"Pipeline(steps=[('data-pre-processor', Normalizer()),
                ('learner',
                 ExtraTreesClassifier(max_features=0.547581650883795,
                                      min_samples_leaf=20, min_samples_split=15,
                                      n_estimators=512, warm_start=True))])",False,0.748,True,"{'roc_auc': [0.86, 0.6100000000000001, 0.76, 0.8600000000000001, 0.65]}",ok,,sklearn.preprocessing._data.Normalizer,,,,sklearn.ensemble._forest.ExtraTreesClassifier,"{'bootstrap': 'False', 'criterion': 'gini', 'max_depth': 'None', 'max_features': 0.547581650883795, 'max_leaf_nodes': 'None', 'min_impurity_decrease': 0.0, 'min_samples_leaf': 20, 'min_samples_split': 15, 'min_weight_fraction_leaf': 0.0}"
38,1720685305.5480785,1.8505799770355225,"Pipeline(steps=[('data-pre-processor', Normalizer()),
                ('learner',
                 ExtraTreesClassifier(bootstrap=True, criterion='entropy',
                                      max_features=0.6377159024075343,
                                      min_samples_leaf=2, min_samples_split=18,
                                      n_estimators=512, warm_start=True))])",False,0.784,True,"{'roc_auc': [0.8500000000000001, 0.76, 0.69, 0.73, 0.89]}",ok,,sklearn.preprocessing._data.Normalizer,,,,sklearn.ensemble._forest.ExtraTreesClassifier,"{'bootstrap': 'True', 'criterion': 'entropy', 'max_depth': 'None', 'max_features': 0.6377159024075343, 'max_leaf_nodes': 'None', 'min_impurity_decrease': 0.0, 'min_samples_leaf': 2, 'min_samples_split': 18, 'min_weight_fraction_leaf': 0.0}"
39,1720685307.4000354,1.9328131675720215,"Pipeline(steps=[('data-pre-processor', Normalizer()),
                ('learner',
                 ExtraTreesClassifier(criterion='entropy',
                                      max_features=0.8100463621231927,
                                      min_samples_leaf=10, min_samples_split=19,
                                      n_estimators=512, warm_start=True))])",False,0.79,True,"{'roc_auc': [0.7200000000000001, 0.76, 0.75, 0.92, 0.8]}",ok,,sklearn.preprocessing._data.Normalizer,,,,sklearn.ensemble._forest.ExtraTreesClassifier,"{'bootstrap': 'False', 'criterion': 'entropy', 'max_depth': 'None', 'max_features': 0.8100463621231927, 'max_leaf_nodes': 'None', 'min_impurity_decrease': 0.0, 'min_samples_leaf': 10, 'min_samples_split': 19, 'min_weight_fraction_leaf': 0.0}"
40,1720685309.3342266,2.020284414291382,"Pipeline(steps=[('data-pre-processor', Normalizer()),
                ('learner',
                 ExtraTreesClassifier(bootstrap=True, criterion='entropy',
                                      max_features=0.957013221959037,
                                      min_samples_leaf=7, min_samples_split=13,
                                      n_estimators=512, warm_start=True))])",False,0.78,True,"{'roc_auc': [0.65, 0.8899999999999999, 0.87, 0.76, 0.73]}",ok,,sklearn.preprocessing._data.Normalizer,,,,sklearn.ensemble._forest.ExtraTreesClassifier,"{'bootstrap': 'True', 'criterion': 'entropy', 'max_depth': 'None', 'max_features': 0.957013221959037, 'max_leaf_nodes': 'None', 'min_impurity_decrease': 0.0, 'min_samples_leaf': 7, 'min_samples_split': 13, 'min_weight_fraction_leaf': 0.0}"
41,1720685311.3559163,1.008056879043579,"Pipeline(steps=[('data-pre-processor', Normalizer()),
                ('learner',
                 ExtraTreesClassifier(bootstrap=True, criterion='entropy',
                                      max_features=0.12432102026641956,
                                      min_samples_leaf=20, min_samples_split=12,
                                      n_estimators=512, warm_start=True))])",False,0.698,True,"{'roc_auc': [0.64, 0.77, 0.64, 0.77, 0.6699999999999999]}",ok,,sklearn.preprocessing._data.Normalizer,,,,sklearn.ensemble._forest.ExtraTreesClassifier,"{'bootstrap': 'True', 'criterion': 'entropy', 'max_depth': 'None', 'max_features': 0.12432102026641956, 'max_leaf_nodes': 'None', 'min_impurity_decrease': 0.0, 'min_samples_leaf': 20, 'min_samples_split': 12, 'min_weight_fraction_leaf': 0.0}"
42,1720685312.3653347,1.2582027912139893,"Pipeline(steps=[('data-pre-processor', Normalizer()),
                ('learner',
                 ExtraTreesClassifier(bootstrap=True,
                                      max_features=0.8555438699111666,
                                      min_samples_leaf=19, min_samples_split=6,
                                      n_estimators=512, warm_start=True))])",False,0.716,True,"{'roc_auc': [0.72, 0.6799999999999999, 0.74, 0.7, 0.74]}",ok,,sklearn.preprocessing._data.Normalizer,,,,sklearn.ensemble._forest.ExtraTreesClassifier,"{'bootstrap': 'True', 'criterion': 'gini', 'max_depth': 'None', 'max_features': 0.8555438699111666, 'max_leaf_nodes': 'None', 'min_impurity_decrease': 0.0, 'min_samples_leaf': 19, 'min_samples_split': 6, 'min_weight_fraction_leaf': 0.0}"
43,1720685313.625033,1.3092825412750244,"Pipeline(steps=[('data-pre-processor', Normalizer()),
                ('learner',
                 ExtraTreesClassifier(bootstrap=True,
                                      max_features=0.596116924921497,
                                      min_samples_leaf=13, min_samples_split=9,
                                      n_estimators=512, warm_start=True))])",False,0.682,True,"{'roc_auc': [0.71, 0.7, 0.6799999999999999, 0.62, 0.7]}",ok,,sklearn.preprocessing._data.Normalizer,,,,sklearn.ensemble._forest.ExtraTreesClassifier,"{'bootstrap': 'True', 'criterion': 'gini', 'max_depth': 'None', 'max_features': 0.596116924921497, 'max_leaf_nodes': 'None', 'min_impurity_decrease': 0.0, 'min_samples_leaf': 13, 'min_samples_split': 9, 'min_weight_fraction_leaf': 0.0}"
44,1720685314.9357154,1.4166715145111084,"Pipeline(steps=[('data-pre-processor', Normalizer()),
                ('learner',
                 ExtraTreesClassifier(bootstrap=True, criterion='entropy',
                                      max_features=0.3170227606461664,
                                      min_samples_leaf=5, min_samples_split=13,
                                      n_estimators=512, warm_start=True))])",False,0.694,True,"{'roc_auc': [0.6799999999999999, 0.77, 0.5900000000000001, 0.72, 0.71]}",ok,,sklearn.preprocessing._data.Normalizer,,,,sklearn.ensemble._forest.ExtraTreesClassifier,"{'bootstrap': 'True', 'criterion': 'entropy', 'max_depth': 'None', 'max_features': 0.3170227606461664, 'max_leaf_nodes': 'None', 'min_impurity_decrease': 0.0, 'min_samples_leaf': 5, 'min_samples_split': 13, 'min_weight_fraction_leaf': 0.0}"
45,1720685316.3537598,2.057401418685913,"Pipeline(steps=[('data-pre-processor', Normalizer()),
                ('learner',
                 ExtraTreesClassifier(bootstrap=True,
                                      max_features=0.886486400560206,
                                      min_samples_leaf=3, min_samples_split=17,
                                      n_estimators=512, warm_start=True))])",False,0.782,True,"{'roc_auc': [0.79, 0.69, 0.8500000000000001, 0.77, 0.8099999999999999]}",ok,,sklearn.preprocessing._data.Normalizer,,,,sklearn.ensemble._forest.ExtraTreesClassifier,"{'bootstrap': 'True', 'criterion': 'gini', 'max_depth': 'None', 'max_features': 0.886486400560206, 'max_leaf_nodes': 'None', 'min_impurity_decrease': 0.0, 'min_samples_leaf': 3, 'min_samples_split': 17, 'min_weight_fraction_leaf': 0.0}"
46,1720685318.412626,0.9767382144927979,"Pipeline(steps=[('data-pre-processor', Normalizer()),
                ('learner',
                 ExtraTreesClassifier(bootstrap=True,
                                      max_features=0.04402463331705975,
                                      min_samples_leaf=18, min_samples_split=15,
                                      n_estimators=512, warm_start=True))])",False,0.684,True,"{'roc_auc': [0.7, 0.57, 0.8, 0.63, 0.72]}",ok,,sklearn.preprocessing._data.Normalizer,,,,sklearn.ensemble._forest.ExtraTreesClassifier,"{'bootstrap': 'True', 'criterion': 'gini', 'max_depth': 'None', 'max_features': 0.04402463331705975, 'max_leaf_nodes': 'None', 'min_impurity_decrease': 0.0, 'min_samples_leaf': 18, 'min_samples_split': 15, 'min_weight_fraction_leaf': 0.0}"
47,1720685319.3907459,1.9431118965148926,"Pipeline(steps=[('data-pre-processor', Normalizer()),
                ('learner',
                 ExtraTreesClassifier(bootstrap=True,
                                      max_features=0.4749471618524985,
                                      min_samples_leaf=2, min_samples_split=3,
                                      n_estimators=512, warm_start=True))])",False,0.692,True,"{'roc_auc': [0.68, 0.7300000000000001, 0.77, 0.6399999999999999, 0.64]}",ok,,sklearn.preprocessing._data.Normalizer,,,,sklearn.ensemble._forest.ExtraTreesClassifier,"{'bootstrap': 'True', 'criterion': 'gini', 'max_depth': 'None', 'max_features': 0.4749471618524985, 'max_leaf_nodes': 'None', 'min_impurity_decrease': 0.0, 'min_samples_leaf': 2, 'min_samples_split': 3, 'min_weight_fraction_leaf': 0.0}"
48,1720685321.335263,1.3924024105072021,"Pipeline(steps=[('data-pre-processor', Normalizer()),
                ('learner',
                 ExtraTreesClassifier(bootstrap=True,
                                      max_features=0.23483427797065126,
                                      min_samples_leaf=3, min_samples_split=13,
                                      n_estimators=512, warm_start=True))])",False,0.742,True,"{'roc_auc': [0.8099999999999999, 0.82, 0.7, 0.7000000000000001, 0.6799999999999999]}",ok,,sklearn.preprocessing._data.Normalizer,,,,sklearn.ensemble._forest.ExtraTreesClassifier,"{'bootstrap': 'True', 'criterion': 'gini', 'max_depth': 'None', 'max_features': 0.23483427797065126, 'max_leaf_nodes': 'None', 'min_impurity_decrease': 0.0, 'min_samples_leaf': 3, 'min_samples_split': 13, 'min_weight_fraction_leaf': 0.0}"
49,1720685322.7290306,1.4744601249694824,"Pipeline(steps=[('data-pre-processor', Normalizer()),
                ('learner',
                 ExtraTreesClassifier(max_features=0.7659324059901298,
                                      min_samples_leaf=15, min_samples_split=10,
                                      n_estimators=512, warm_start=True))])",False,0.75,True,"{'roc_auc': [0.7, 0.78, 0.73, 0.88, 0.6599999999999999]}",ok,,sklearn.preprocessing._data.Normalizer,,,,sklearn.ensemble._forest.ExtraTreesClassifier,"{'bootstrap': 'False', 'criterion': 'gini', 'max_depth': 'None', 'max_features': 0.7659324059901298, 'max_leaf_nodes': 'None', 'min_impurity_decrease': 0.0, 'min_samples_leaf': 15, 'min_samples_split': 10, 'min_weight_fraction_leaf': 0.0}"
50,1720685324.2049682,1.7715847492218018,"Pipeline(steps=[('data-pre-processor', Normalizer()),
                ('learner',
                 ExtraTreesClassifier(bootstrap=True, criterion='entropy',
                                      max_features=0.4321053575945597,
                                      min_samples_split=13, n_estimators=512,
                                      warm_start=True))])",False,0.784,True,"{'roc_auc': [0.79, 0.78, 0.78, 0.74, 0.83]}",ok,,sklearn.preprocessing._data.Normalizer,,,,sklearn.ensemble._forest.ExtraTreesClassifier,"{'bootstrap': 'True', 'criterion': 'entropy', 'max_depth': 'None', 'max_features': 0.4321053575945597, 'max_leaf_nodes': 'None', 'min_impurity_decrease': 0.0, 'min_samples_leaf': 1, 'min_samples_split': 13, 'min_weight_fraction_leaf': 0.0}"
51,1720685325.9779341,0.7678771018981934,"Pipeline(steps=[('data-pre-processor', Normalizer()),
                ('learner',
                 ExtraTreesClassifier(max_features=0.08042518268127818,
                                      min_samples_leaf=16, min_samples_split=16,
                                      n_estimators=512, warm_start=True))])",False,0.82,True,"{'roc_auc': [0.8300000000000001, 0.9, 0.74, 0.7899999999999999, 0.84]}",ok,,sklearn.preprocessing._data.Normalizer,,,,sklearn.ensemble._forest.ExtraTreesClassifier,"{'bootstrap': 'False', 'criterion': 'gini', 'max_depth': 'None', 'max_features': 0.08042518268127818, 'max_leaf_nodes': 'None', 'min_impurity_decrease': 0.0, 'min_samples_leaf': 16, 'min_samples_split': 16, 'min_weight_fraction_leaf': 0.0}"
52,1720685326.7471888,0.9799783229827881,"Pipeline(steps=[('data-pre-processor', Normalizer()),
                ('learner',
                 ExtraTreesClassifier(criterion='entropy',
                                      max_features=0.3407185517047,
                                      min_samples_leaf=18, min_samples_split=3,
                                      n_estimators=512, warm_start=True))])",False,0.666,True,"{'roc_auc': [0.8200000000000001, 0.52, 0.52, 0.96, 0.51]}",ok,,sklearn.preprocessing._data.Normalizer,,,,sklearn.ensemble._forest.ExtraTreesClassifier,"{'bootstrap': 'False', 'criterion': 'entropy', 'max_depth': 'None', 'max_features': 0.3407185517047, 'max_leaf_nodes': 'None', 'min_impurity_decrease': 0.0, 'min_samples_leaf': 18, 'min_samples_split': 3, 'min_weight_fraction_leaf': 0.0}"
53,1720685327.7285419,0.9763236045837402,"Pipeline(steps=[('data-pre-processor', Normalizer()),
                ('learner',
                 ExtraTreesClassifier(criterion='entropy',
                                      max_features=0.2171089115767323,
                                      min_samples_leaf=13, min_samples_split=3,
                                      n_estimators=512, warm_start=True))])",False,0.82,True,"{'roc_auc': [0.93, 0.8, 0.79, 0.8500000000000001, 0.73]}",ok,,sklearn.preprocessing._data.Normalizer,,,,sklearn.ensemble._forest.ExtraTreesClassifier,"{'bootstrap': 'False', 'criterion': 'entropy', 'max_depth': 'None', 'max_features': 0.2171089115767323, 'max_leaf_nodes': 'None', 'min_impurity_decrease': 0.0, 'min_samples_leaf': 13, 'min_samples_split': 3, 'min_weight_fraction_leaf': 0.0}"
54,1720685328.7063055,1.5750432014465332,"Pipeline(steps=[('data-pre-processor', Normalizer()),
                ('learner',
                 ExtraTreesClassifier(bootstrap=True, criterion='entropy',
                                      max_features=0.5482561898855512,
                                      min_samples_leaf=7, min_samples_split=16,
                                      n_estimators=512, warm_start=True))])",False,0.704,True,"{'roc_auc': [0.77, 0.69, 0.78, 0.65, 0.63]}",ok,,sklearn.preprocessing._data.Normalizer,,,,sklearn.ensemble._forest.ExtraTreesClassifier,"{'bootstrap': 'True', 'criterion': 'entropy', 'max_depth': 'None', 'max_features': 0.5482561898855512, 'max_leaf_nodes': 'None', 'min_impurity_decrease': 0.0, 'min_samples_leaf': 7, 'min_samples_split': 16, 'min_weight_fraction_leaf': 0.0}"
55,1720685330.2828104,2.685145139694214,"Pipeline(steps=[('data-pre-processor', Normalizer()),
                ('learner',
                 ExtraTreesClassifier(criterion='entropy',
                                      max_features=0.8281016066008329,
                                      min_samples_leaf=5, min_samples_split=10,
                                      n_estimators=512, warm_start=True))])",False,0.722,True,"{'roc_auc': [0.74, 0.74, 0.49, 0.8999999999999999, 0.7400000000000001]}",ok,,sklearn.preprocessing._data.Normalizer,,,,sklearn.ensemble._forest.ExtraTreesClassifier,"{'bootstrap': 'False', 'criterion': 'entropy', 'max_depth': 'None', 'max_features': 0.8281016066008329, 'max_leaf_nodes': 'None', 'min_impurity_decrease': 0.0, 'min_samples_leaf': 5, 'min_samples_split': 10, 'min_weight_fraction_leaf': 0.0}"
56,1720685332.9693627,2.125035285949707,"Pipeline(steps=[('data-pre-processor', Normalizer()),
                ('learner',
                 ExtraTreesClassifier(criterion='entropy',
                                      max_features=0.8044525432037098,
                                      min_samples_leaf=8, min_samples_split=17,
                                      n_estimators=512, warm_start=True))])",False,0.756,True,"{'roc_auc': [0.69, 0.8700000000000001, 0.83, 0.6100000000000001, 0.78]}",ok,,sklearn.preprocessing._data.Normalizer,,,,sklearn.ensemble._forest.ExtraTreesClassifier,"{'bootstrap': 'False', 'criterion': 'entropy', 'max_depth': 'None', 'max_features': 0.8044525432037098, 'max_leaf_nodes': 'None', 'min_impurity_decrease': 0.0, 'min_samples_leaf': 8, 'min_samples_split': 17, 'min_weight_fraction_leaf': 0.0}"
57,1720685335.0957892,2.3041303157806396,"Pipeline(steps=[('data-pre-processor', Normalizer()),
                ('learner',
                 ExtraTreesClassifier(bootstrap=True, criterion='entropy',
                                      max_features=0.85534540255546,
                                      min_samples_leaf=4, min_samples_split=3,
                                      n_estimators=512, warm_start=True))])",False,0.772,True,"{'roc_auc': [0.84, 0.5800000000000001, 0.84, 0.8200000000000001, 0.78]}",ok,,sklearn.preprocessing._data.Normalizer,,,,sklearn.ensemble._forest.ExtraTreesClassifier,"{'bootstrap': 'True', 'criterion': 'entropy', 'max_depth': 'None', 'max_features': 0.85534540255546, 'max_leaf_nodes': 'None', 'min_impurity_decrease': 0.0, 'min_samples_leaf': 4, 'min_samples_split': 3, 'min_weight_fraction_leaf': 0.0}"
58,1720685337.4013193,1.2181901931762695,"Pipeline(steps=[('data-pre-processor', Normalizer()),
                ('learner',
                 ExtraTreesClassifier(max_features=0.6222029434266214,
                                      min_samples_leaf=18, min_samples_split=14,
                                      n_estimators=512, warm_start=True))])",False,0.798,True,"{'roc_auc': [0.86, 0.8700000000000001, 0.71, 0.72, 0.83]}",ok,,sklearn.preprocessing._data.Normalizer,,,,sklearn.ensemble._forest.ExtraTreesClassifier,"{'bootstrap': 'False', 'criterion': 'gini', 'max_depth': 'None', 'max_features': 0.6222029434266214, 'max_leaf_nodes': 'None', 'min_impurity_decrease': 0.0, 'min_samples_leaf': 18, 'min_samples_split': 14, 'min_weight_fraction_leaf': 0.0}"
59,1720685338.6208825,1.0346448421478271,"Pipeline(steps=[('data-pre-processor', Normalizer()),
                ('learner',
                 ExtraTreesClassifier(max_features=0.11842091989317094,
                                      min_samples_leaf=5, min_samples_split=10,
                                      n_estimators=512, warm_start=True))])",False,0.688,True,"{'roc_auc': [0.8300000000000001, 0.61, 0.79, 0.41, 0.8]}",ok,,sklearn.preprocessing._data.Normalizer,,,,sklearn.ensemble._forest.ExtraTreesClassifier,"{'bootstrap': 'False', 'criterion': 'gini', 'max_depth': 'None', 'max_features': 0.11842091989317094, 'max_leaf_nodes': 'None', 'min_impurity_decrease': 0.0, 'min_samples_leaf': 5, 'min_samples_split': 10, 'min_weight_fraction_leaf': 0.0}"
60,1720685339.6570358,1.146111249923706,"Pipeline(steps=[('data-pre-processor', Normalizer()),
                ('learner',
                 ExtraTreesClassifier(bootstrap=True, criterion='entropy',
                                      max_features=0.4140507764021969,
                                      min_samples_leaf=16, min_samples_split=19,
                                      n_estimators=512, warm_start=True))])",False,0.764,True,"{'roc_auc': [0.7600000000000001, 0.84, 0.75, 0.69, 0.78]}",ok,,sklearn.preprocessing._data.Normalizer,,,,sklearn.ensemble._forest.ExtraTreesClassifier,"{'bootstrap': 'True', 'criterion': 'entropy', 'max_depth': 'None', 'max_features': 0.4140507764021969, 'max_leaf_nodes': 'None', 'min_impurity_decrease': 0.0, 'min_samples_leaf': 16, 'min_samples_split': 19, 'min_weight_fraction_leaf': 0.0}"
61,1720685340.8045356,1.347088098526001,"Pipeline(steps=[('data-pre-processor', Normalizer()),
                ('learner',
                 ExtraTreesClassifier(max_features=0.6944966686177189,
                                      min_samples_leaf=16, min_samples_split=3,
                                      n_estimators=512, warm_start=True))])",False,0.73,True,"{'roc_auc': [0.6900000000000001, 0.8500000000000001, 0.8400000000000001, 0.79, 0.48]}",ok,,sklearn.preprocessing._data.Normalizer,,,,sklearn.ensemble._forest.ExtraTreesClassifier,"{'bootstrap': 'False', 'criterion': 'gini', 'max_depth': 'None', 'max_features': 0.6944966686177189, 'max_leaf_nodes': 'None', 'min_impurity_decrease': 0.0, 'min_samples_leaf': 16, 'min_samples_split': 3, 'min_weight_fraction_leaf': 0.0}"
62,1720685342.1530492,2.044407606124878,"Pipeline(steps=[('data-pre-processor', Normalizer()),
                ('learner',
                 ExtraTreesClassifier(criterion='entropy',
                                      max_features=0.8938377502510112,
                                      min_samples_leaf=10, min_samples_split=10,
                                      n_estimators=512, warm_start=True))])",False,0.808,True,"{'roc_auc': [0.8700000000000001, 0.8400000000000001, 0.86, 0.7300000000000001, 0.74]}",ok,,sklearn.preprocessing._data.Normalizer,,,,sklearn.ensemble._forest.ExtraTreesClassifier,"{'bootstrap': 'False', 'criterion': 'entropy', 'max_depth': 'None', 'max_features': 0.8938377502510112, 'max_leaf_nodes': 'None', 'min_impurity_decrease': 0.0, 'min_samples_leaf': 10, 'min_samples_split': 10, 'min_weight_fraction_leaf': 0.0}"
63,1720685344.1988797,1.1062443256378174,"Pipeline(steps=[('data-pre-processor', Normalizer()),
                ('learner',
                 ExtraTreesClassifier(max_features=0.10527513481900852,
                                      min_samples_leaf=2, min_samples_split=6,
                                      n_estimators=512, warm_start=True))])",False,0.766,True,"{'roc_auc': [0.8, 0.6799999999999999, 0.74, 0.78, 0.83]}",ok,,sklearn.preprocessing._data.Normalizer,,,,sklearn.ensemble._forest.ExtraTreesClassifier,"{'bootstrap': 'False', 'criterion': 'gini', 'max_depth': 'None', 'max_features': 0.10527513481900852, 'max_leaf_nodes': 'None', 'min_impurity_decrease': 0.0, 'min_samples_leaf': 2, 'min_samples_split': 6, 'min_weight_fraction_leaf': 0.0}"
64,1720685345.3065162,1.1535484790802002,"Pipeline(steps=[('data-pre-processor', Normalizer()),
                ('learner',
                 ExtraTreesClassifier(bootstrap=True,
                                      max_features=0.39323146702227063,
                                      min_samples_leaf=15, n_estimators=512,
                                      warm_start=True))])",False,0.706,True,"{'roc_auc': [0.92, 0.75, 0.42999999999999994, 0.7000000000000001, 0.7300000000000001]}",ok,,sklearn.preprocessing._data.Normalizer,,,,sklearn.ensemble._forest.ExtraTreesClassifier,"{'bootstrap': 'True', 'criterion': 'gini', 'max_depth': 'None', 'max_features': 0.39323146702227063, 'max_leaf_nodes': 'None', 'min_impurity_decrease': 0.0, 'min_samples_leaf': 15, 'min_samples_split': 2, 'min_weight_fraction_leaf': 0.0}"
65,1720685346.4614317,1.2596428394317627,"Pipeline(steps=[('data-pre-processor', Normalizer()),
                ('learner',
                 ExtraTreesClassifier(bootstrap=True, criterion='entropy',
                                      max_features=0.24823890865919973,
                                      min_samples_leaf=7, min_samples_split=17,
                                      n_estimators=512, warm_start=True))])",False,0.734,True,"{'roc_auc': [0.8400000000000001, 0.77, 0.7000000000000001, 0.77, 0.59]}",ok,,sklearn.preprocessing._data.Normalizer,,,,sklearn.ensemble._forest.ExtraTreesClassifier,"{'bootstrap': 'True', 'criterion': 'entropy', 'max_depth': 'None', 'max_features': 0.24823890865919973, 'max_leaf_nodes': 'None', 'min_impurity_decrease': 0.0, 'min_samples_leaf': 7, 'min_samples_split': 17, 'min_weight_fraction_leaf': 0.0}"
66,1720685347.7224984,1.5072524547576904,"Pipeline(steps=[('data-pre-processor', Normalizer()),
                ('learner',
                 ExtraTreesClassifier(bootstrap=True, criterion='entropy',
                                      max_features=0.261303523131145,
                                      min_samples_leaf=2, min_samples_split=11,
                                      n_estimators=512, warm_start=True))])",False,0.854,True,"{'roc_auc': [0.7899999999999999, 0.92, 0.7500000000000001, 0.88, 0.93]}",ok,,sklearn.preprocessing._data.Normalizer,,,,sklearn.ensemble._forest.ExtraTreesClassifier,"{'bootstrap': 'True', 'criterion': 'entropy', 'max_depth': 'None', 'max_features': 0.261303523131145, 'max_leaf_nodes': 'None', 'min_impurity_decrease': 0.0, 'min_samples_leaf': 2, 'min_samples_split': 11, 'min_weight_fraction_leaf': 0.0}"
67,1720685349.2311506,1.4410276412963867,"Pipeline(steps=[('data-pre-processor', Normalizer()),
                ('learner',
                 ExtraTreesClassifier(max_features=0.23340450849796668,
                                      min_samples_leaf=3, n_estimators=512,
                                      warm_start=True))])",False,0.728,True,"{'roc_auc': [0.75, 0.63, 0.69, 0.85, 0.72]}",ok,,sklearn.preprocessing._data.Normalizer,,,,sklearn.ensemble._forest.ExtraTreesClassifier,"{'bootstrap': 'False', 'criterion': 'gini', 'max_depth': 'None', 'max_features': 0.23340450849796668, 'max_leaf_nodes': 'None', 'min_impurity_decrease': 0.0, 'min_samples_leaf': 3, 'min_samples_split': 2, 'min_weight_fraction_leaf': 0.0}"
68,1720685350.673577,1.3045122623443604,"Pipeline(steps=[('data-pre-processor', Normalizer()),
                ('learner',
                 ExtraTreesClassifier(bootstrap=True, criterion='entropy',
                                      max_features=0.9079898249563235,
                                      min_samples_leaf=17, min_samples_split=3,
                                      n_estimators=512, warm_start=True))])",False,0.768,True,"{'roc_auc': [0.72, 0.74, 0.95, 0.7400000000000001, 0.69]}",ok,,sklearn.preprocessing._data.Normalizer,,,,sklearn.ensemble._forest.ExtraTreesClassifier,"{'bootstrap': 'True', 'criterion': 'entropy', 'max_depth': 'None', 'max_features': 0.9079898249563235, 'max_leaf_nodes': 'None', 'min_impurity_decrease': 0.0, 'min_samples_leaf': 17, 'min_samples_split': 3, 'min_weight_fraction_leaf': 0.0}"
69,1720685351.979503,1.0519940853118896,"Pipeline(steps=[('data-pre-processor', Normalizer()),
                ('learner',
                 ExtraTreesClassifier(bootstrap=True, criterion='entropy',
                                      max_features=0.2447526596079338,
                                      min_samples_leaf=18, min_samples_split=19,
                                      n_estimators=512, warm_start=True))])",False,0.634,True,"{'roc_auc': [0.6900000000000001, 0.69, 0.41999999999999993, 0.75, 0.62]}",ok,,sklearn.preprocessing._data.Normalizer,,,,sklearn.ensemble._forest.ExtraTreesClassifier,"{'bootstrap': 'True', 'criterion': 'entropy', 'max_depth': 'None', 'max_features': 0.2447526596079338, 'max_leaf_nodes': 'None', 'min_impurity_decrease': 0.0, 'min_samples_leaf': 18, 'min_samples_split': 19, 'min_weight_fraction_leaf': 0.0}"
70,1720685353.0328927,1.290930986404419,"Pipeline(steps=[('data-pre-processor', Normalizer()),
                ('learner',
                 ExtraTreesClassifier(bootstrap=True, criterion='entropy',
                                      max_features=0.20096831706046558,
                                      min_samples_leaf=3, min_samples_split=16,
                                      n_estimators=512, warm_start=True))])",False,0.846,True,"{'roc_auc': [0.77, 0.79, 0.9, 0.8300000000000001, 0.9400000000000001]}",ok,,sklearn.preprocessing._data.Normalizer,,,,sklearn.ensemble._forest.ExtraTreesClassifier,"{'bootstrap': 'True', 'criterion': 'entropy', 'max_depth': 'None', 'max_features': 0.20096831706046558, 'max_leaf_nodes': 'None', 'min_impurity_decrease': 0.0, 'min_samples_leaf': 3, 'min_samples_split': 16, 'min_weight_fraction_leaf': 0.0}"
71,1720685354.325189,1.2130746841430664,"Pipeline(steps=[('data-pre-processor', Normalizer()),
                ('learner',
                 ExtraTreesClassifier(bootstrap=True,
                                      max_features=0.14815433407578749,
                                      min_samples_leaf=5, min_samples_split=9,
                                      n_estimators=512, warm_start=True))])",False,0.76,True,"{'roc_auc': [0.8400000000000001, 0.85, 0.68, 0.59, 0.8400000000000001]}",ok,,sklearn.preprocessing._data.Normalizer,,,,sklearn.ensemble._forest.ExtraTreesClassifier,"{'bootstrap': 'True', 'criterion': 'gini', 'max_depth': 'None', 'max_features': 0.14815433407578749, 'max_leaf_nodes': 'None', 'min_impurity_decrease': 0.0, 'min_samples_leaf': 5, 'min_samples_split': 9, 'min_weight_fraction_leaf': 0.0}"
72,1720685355.539671,1.3818624019622803,"Pipeline(steps=[('data-pre-processor', Normalizer()),
                ('learner',
                 ExtraTreesClassifier(bootstrap=True, criterion='entropy',
                                      max_features=0.557955513650927,
                                      min_samples_leaf=11, min_samples_split=9,
                                      n_estimators=512, warm_start=True))])",False,0.726,True,"{'roc_auc': [0.6200000000000001, 0.71, 0.85, 0.5999999999999999, 0.8500000000000001]}",ok,,sklearn.preprocessing._data.Normalizer,,,,sklearn.ensemble._forest.ExtraTreesClassifier,"{'bootstrap': 'True', 'criterion': 'entropy', 'max_depth': 'None', 'max_features': 0.557955513650927, 'max_leaf_nodes': 'None', 'min_impurity_decrease': 0.0, 'min_samples_leaf': 11, 'min_samples_split': 9, 'min_weight_fraction_leaf': 0.0}"
73,1720685356.922941,1.4026594161987305,"Pipeline(steps=[('data-pre-processor', Normalizer()),
                ('learner',
                 ExtraTreesClassifier(bootstrap=True,
                                      max_features=0.3005753532280344,
                                      min_samples_leaf=5, min_samples_split=11,
                                      n_estimators=512, warm_start=True))])",False,0.674,True,"{'roc_auc': [0.71, 0.76, 0.54, 0.7899999999999999, 0.5700000000000001]}",ok,,sklearn.preprocessing._data.Normalizer,,,,sklearn.ensemble._forest.ExtraTreesClassifier,"{'bootstrap': 'True', 'criterion': 'gini', 'max_depth': 'None', 'max_features': 0.3005753532280344, 'max_leaf_nodes': 'None', 'min_impurity_decrease': 0.0, 'min_samples_leaf': 5, 'min_samples_split': 11, 'min_weight_fraction_leaf': 0.0}"
74,1720685358.327017,0.746065616607666,"Pipeline(steps=[('data-pre-processor', Normalizer()),
                ('learner',
                 ExtraTreesClassifier(criterion='entropy',
                                      max_features=0.010023519821278137,
                                      min_samples_split=15, n_estimators=512,
                                      warm_start=True))])",False,0.742,True,"{'roc_auc': [0.6699999999999999, 0.64, 0.7499999999999999, 0.87, 0.78]}",ok,,sklearn.preprocessing._data.Normalizer,,,,sklearn.ensemble._forest.ExtraTreesClassifier,"{'bootstrap': 'False', 'criterion': 'entropy', 'max_depth': 'None', 'max_features': 0.010023519821278137, 'max_leaf_nodes': 'None', 'min_impurity_decrease': 0.0, 'min_samples_leaf': 1, 'min_samples_split': 15, 'min_weight_fraction_leaf': 0.0}"
75,1720685359.0744581,1.3100345134735107,"Pipeline(steps=[('data-pre-processor', Normalizer()),
                ('learner',
                 ExtraTreesClassifier(max_features=0.4356552470653321,
                                      min_samples_leaf=11, min_samples_split=9,
                                      n_estimators=512, warm_start=True))])",False,0.804,True,"{'roc_auc': [0.8400000000000001, 0.66, 0.95, 0.8, 0.77]}",ok,,sklearn.preprocessing._data.Normalizer,,,,sklearn.ensemble._forest.ExtraTreesClassifier,"{'bootstrap': 'False', 'criterion': 'gini', 'max_depth': 'None', 'max_features': 0.4356552470653321, 'max_leaf_nodes': 'None', 'min_impurity_decrease': 0.0, 'min_samples_leaf': 11, 'min_samples_split': 9, 'min_weight_fraction_leaf': 0.0}"
76,1720685360.3859062,1.4800307750701904,"Pipeline(steps=[('data-pre-processor', Normalizer()),
                ('learner',
                 ExtraTreesClassifier(bootstrap=True,
                                      max_features=0.9740521360032087,
                                      min_samples_leaf=14, min_samples_split=11,
                                      n_estimators=512, warm_start=True))])",False,0.776,True,"{'roc_auc': [0.93, 0.92, 0.7, 0.51, 0.8200000000000001]}",ok,,sklearn.preprocessing._data.Normalizer,,,,sklearn.ensemble._forest.ExtraTreesClassifier,"{'bootstrap': 'True', 'criterion': 'gini', 'max_depth': 'None', 'max_features': 0.9740521360032087, 'max_leaf_nodes': 'None', 'min_impurity_decrease': 0.0, 'min_samples_leaf': 14, 'min_samples_split': 11, 'min_weight_fraction_leaf': 0.0}"
77,1720685361.867347,0.7477443218231201,"Pipeline(steps=[('data-pre-processor', Normalizer()),
                ('learner',
                 ExtraTreesClassifier(criterion='entropy',
                                      max_features=0.0861467736427507,
                                      min_samples_leaf=19, min_samples_split=15,
                                      n_estimators=512, warm_start=True))])",False,0.762,True,"{'roc_auc': [0.62, 0.94, 0.72, 0.8, 0.7300000000000001]}",ok,,sklearn.preprocessing._data.Normalizer,,,,sklearn.ensemble._forest.ExtraTreesClassifier,"{'bootstrap': 'False', 'criterion': 'entropy', 'max_depth': 'None', 'max_features': 0.0861467736427507, 'max_leaf_nodes': 'None', 'min_impurity_decrease': 0.0, 'min_samples_leaf': 19, 'min_samples_split': 15, 'min_weight_fraction_leaf': 0.0}"
78,1720685362.6166675,1.262439250946045,"Pipeline(steps=[('data-pre-processor', Normalizer()),
                ('learner',
                 ExtraTreesClassifier(criterion='entropy',
                                      max_features=0.4772969018469182,
                                      min_samples_leaf=13, min_samples_split=5,
                                      n_estimators=512, warm_start=True))])",False,0.678,True,"{'roc_auc': [0.59, 0.72, 0.65, 0.65, 0.78]}",ok,,sklearn.preprocessing._data.Normalizer,,,,sklearn.ensemble._forest.ExtraTreesClassifier,"{'bootstrap': 'False', 'criterion': 'entropy', 'max_depth': 'None', 'max_features': 0.4772969018469182, 'max_leaf_nodes': 'None', 'min_impurity_decrease': 0.0, 'min_samples_leaf': 13, 'min_samples_split': 5, 'min_weight_fraction_leaf': 0.0}"
79,1720685363.8804493,1.2393176555633545,"Pipeline(steps=[('data-pre-processor', Normalizer()),
                ('learner',
                 ExtraTreesClassifier(bootstrap=True, criterion='entropy',
                                      max_features=0.8060245301768223,
                                      min_samples_leaf=20, min_samples_split=8,
                                      n_estimators=512, warm_start=True))])",False,0.696,True,"{'roc_auc': [0.8000000000000002, 0.7, 0.49000000000000005, 0.6900000000000001, 0.8]}",ok,,sklearn.preprocessing._data.Normalizer,,,,sklearn.ensemble._forest.ExtraTreesClassifier,"{'bootstrap': 'True', 'criterion': 'entropy', 'max_depth': 'None', 'max_features': 0.8060245301768223, 'max_leaf_nodes': 'None', 'min_impurity_decrease': 0.0, 'min_samples_leaf': 20, 'min_samples_split': 8, 'min_weight_fraction_leaf': 0.0}"
80,1720685365.1211367,1.0669145584106445,"Pipeline(steps=[('data-pre-processor', Normalizer()),
                ('learner',
                 ExtraTreesClassifier(criterion='entropy',
                                      max_features=0.12544994228745365,
                                      min_samples_leaf=5, min_samples_split=6,
                                      n_estimators=512, warm_start=True))])",False,0.806,True,"{'roc_auc': [0.64, 0.8000000000000002, 0.97, 0.81, 0.81]}",ok,,sklearn.preprocessing._data.Normalizer,,,,sklearn.ensemble._forest.ExtraTreesClassifier,"{'bootstrap': 'False', 'criterion': 'entropy', 'max_depth': 'None', 'max_features': 0.12544994228745365, 'max_leaf_nodes': 'None', 'min_impurity_decrease': 0.0, 'min_samples_leaf': 5, 'min_samples_split': 6, 'min_weight_fraction_leaf': 0.0}"
81,1720685366.1894202,2.0732221603393555,"Pipeline(steps=[('data-pre-processor', Normalizer()),
                ('learner',
                 ExtraTreesClassifier(max_features=0.9551983262542649,
                                      min_samples_leaf=10, n_estimators=512,
                                      warm_start=True))])",False,0.6,True,"{'roc_auc': [0.67, 0.62, 0.74, 0.32, 0.65]}",ok,,sklearn.preprocessing._data.Normalizer,,,,sklearn.ensemble._forest.ExtraTreesClassifier,"{'bootstrap': 'False', 'criterion': 'gini', 'max_depth': 'None', 'max_features': 0.9551983262542649, 'max_leaf_nodes': 'None', 'min_impurity_decrease': 0.0, 'min_samples_leaf': 10, 'min_samples_split': 2, 'min_weight_fraction_leaf': 0.0}"
82,1720685368.2640364,1.2204272747039795,"Pipeline(steps=[('data-pre-processor', Normalizer()),
                ('learner',
                 ExtraTreesClassifier(criterion='entropy',
                                      max_features=0.4722151508583101,
                                      min_samples_leaf=14, n_estimators=512,
                                      warm_start=True))])",False,0.654,True,"{'roc_auc': [0.8, 0.62, 0.6099999999999999, 0.62, 0.62]}",ok,,sklearn.preprocessing._data.Normalizer,,,,sklearn.ensemble._forest.ExtraTreesClassifier,"{'bootstrap': 'False', 'criterion': 'entropy', 'max_depth': 'None', 'max_features': 0.4722151508583101, 'max_leaf_nodes': 'None', 'min_impurity_decrease': 0.0, 'min_samples_leaf': 14, 'min_samples_split': 2, 'min_weight_fraction_leaf': 0.0}"
83,1720685369.485835,1.5035145282745361,"Pipeline(steps=[('data-pre-processor', Normalizer()),
                ('learner',
                 ExtraTreesClassifier(bootstrap=True,
                                      max_features=0.30184595584954965,
                                      min_samples_leaf=3, min_samples_split=9,
                                      n_estimators=512, warm_start=True))])",False,0.696,True,"{'roc_auc': [0.7400000000000001, 0.67, 0.73, 0.6, 0.74]}",ok,,sklearn.preprocessing._data.Normalizer,,,,sklearn.ensemble._forest.ExtraTreesClassifier,"{'bootstrap': 'True', 'criterion': 'gini', 'max_depth': 'None', 'max_features': 0.30184595584954965, 'max_leaf_nodes': 'None', 'min_impurity_decrease': 0.0, 'min_samples_leaf': 3, 'min_samples_split': 9, 'min_weight_fraction_leaf': 0.0}"
84,1720685370.9907267,2.177147150039673,"Pipeline(steps=[('data-pre-processor', Normalizer()),
                ('learner',
                 ExtraTreesClassifier(max_features=0.6438050706375469,
                                      min_samples_leaf=3, min_samples_split=13,
                                      n_estimators=512, warm_start=True))])",False,0.722,True,"{'roc_auc': [0.6, 0.75, 0.8200000000000001, 0.75, 0.69]}",ok,,sklearn.preprocessing._data.Normalizer,,,,sklearn.ensemble._forest.ExtraTreesClassifier,"{'bootstrap': 'False', 'criterion': 'gini', 'max_depth': 'None', 'max_features': 0.6438050706375469, 'max_leaf_nodes': 'None', 'min_impurity_decrease': 0.0, 'min_samples_leaf': 3, 'min_samples_split': 13, 'min_weight_fraction_leaf': 0.0}"
85,1720685373.1692774,1.229065179824829,"Pipeline(steps=[('data-pre-processor', Normalizer()),
                ('learner',
                 ExtraTreesClassifier(bootstrap=True, criterion='entropy',
                                      max_features=0.7741547113954944,
                                      min_samples_leaf=20, min_samples_split=11,
                                      n_estimators=512, warm_start=True))])",False,0.726,True,"{'roc_auc': [0.67, 0.85, 0.64, 0.58, 0.89]}",ok,,sklearn.preprocessing._data.Normalizer,,,,sklearn.ensemble._forest.ExtraTreesClassifier,"{'bootstrap': 'True', 'criterion': 'entropy', 'max_depth': 'None', 'max_features': 0.7741547113954944, 'max_leaf_nodes': 'None', 'min_impurity_decrease': 0.0, 'min_samples_leaf': 20, 'min_samples_split': 11, 'min_weight_fraction_leaf': 0.0}"
86,1720685374.3997757,1.225210189819336,"Pipeline(steps=[('data-pre-processor', Normalizer()),
                ('learner',
                 ExtraTreesClassifier(bootstrap=True, criterion='entropy',
                                      max_features=0.4262260908820116,
                                      min_samples_leaf=13, min_samples_split=20,
                                      n_estimators=512, warm_start=True))])",False,0.768,True,"{'roc_auc': [0.75, 0.6200000000000001, 0.82, 0.78, 0.87]}",ok,,sklearn.preprocessing._data.Normalizer,,,,sklearn.ensemble._forest.ExtraTreesClassifier,"{'bootstrap': 'True', 'criterion': 'entropy', 'max_depth': 'None', 'max_features': 0.4262260908820116, 'max_leaf_nodes': 'None', 'min_impurity_decrease': 0.0, 'min_samples_leaf': 13, 'min_samples_split': 20, 'min_weight_fraction_leaf': 0.0}"
87,1720685375.6263993,1.3460614681243896,"Pipeline(steps=[('data-pre-processor', Normalizer()),
                ('learner',
                 ExtraTreesClassifier(bootstrap=True,
                                      max_features=0.35532808165135565,
                                      min_samples_leaf=8, n_estimators=512,
                                      warm_start=True))])",False,0.752,True,"{'roc_auc': [0.61, 0.8300000000000001, 0.8400000000000001, 0.78, 0.7000000000000001]}",ok,,sklearn.preprocessing._data.Normalizer,,,,sklearn.ensemble._forest.ExtraTreesClassifier,"{'bootstrap': 'True', 'criterion': 'gini', 'max_depth': 'None', 'max_features': 0.35532808165135565, 'max_leaf_nodes': 'None', 'min_impurity_decrease': 0.0, 'min_samples_leaf': 8, 'min_samples_split': 2, 'min_weight_fraction_leaf': 0.0}"
88,1720685376.9739432,2.143693208694458,"Pipeline(steps=[('data-pre-processor', Normalizer()),
                ('learner',
                 ExtraTreesClassifier(criterion='entropy',
                                      max_features=0.8523227859828393,
                                      min_samples_leaf=8, min_samples_split=18,
                                      n_estimators=512, warm_start=True))])",False,0.754,True,"{'roc_auc': [0.7200000000000001, 0.88, 0.82, 0.8200000000000001, 0.53]}",ok,,sklearn.preprocessing._data.Normalizer,,,,sklearn.ensemble._forest.ExtraTreesClassifier,"{'bootstrap': 'False', 'criterion': 'entropy', 'max_depth': 'None', 'max_features': 0.8523227859828393, 'max_leaf_nodes': 'None', 'min_impurity_decrease': 0.0, 'min_samples_leaf': 8, 'min_samples_split': 18, 'min_weight_fraction_leaf': 0.0}"
89,1720685379.1190088,1.0764553546905518,"Pipeline(steps=[('data-pre-processor', Normalizer()),
                ('learner',
                 ExtraTreesClassifier(max_features=0.41360602008139435,
                                      min_samples_leaf=16, min_samples_split=9,
                                      n_estimators=512, warm_start=True))])",False,0.802,True,"{'roc_auc': [0.6599999999999999, 0.8400000000000001, 0.76, 0.8, 0.9500000000000001]}",ok,,sklearn.preprocessing._data.Normalizer,,,,sklearn.ensemble._forest.ExtraTreesClassifier,"{'bootstrap': 'False', 'criterion': 'gini', 'max_depth': 'None', 'max_features': 0.41360602008139435, 'max_leaf_nodes': 'None', 'min_impurity_decrease': 0.0, 'min_samples_leaf': 16, 'min_samples_split': 9, 'min_weight_fraction_leaf': 0.0}"
90,1720685380.1969016,1.1892225742340088,"Pipeline(steps=[('data-pre-processor', Normalizer()),
                ('learner',
                 ExtraTreesClassifier(bootstrap=True,
                                      max_features=0.4293227122815172,
                                      min_samples_leaf=15, min_samples_split=5,
                                      n_estimators=512, warm_start=True))])",False,0.684,True,"{'roc_auc': [0.5599999999999999, 0.6799999999999999, 0.67, 0.8300000000000001, 0.6799999999999999]}",ok,,sklearn.preprocessing._data.Normalizer,,,,sklearn.ensemble._forest.ExtraTreesClassifier,"{'bootstrap': 'True', 'criterion': 'gini', 'max_depth': 'None', 'max_features': 0.4293227122815172, 'max_leaf_nodes': 'None', 'min_impurity_decrease': 0.0, 'min_samples_leaf': 15, 'min_samples_split': 5, 'min_weight_fraction_leaf': 0.0}"
91,1720685381.387497,1.3670933246612549,"Pipeline(steps=[('data-pre-processor', Normalizer()),
                ('learner',
                 ExtraTreesClassifier(criterion='entropy',
                                      max_features=0.9335326434913196,
                                      min_samples_leaf=20, min_samples_split=18,
                                      n_estimators=512, warm_start=True))])",False,0.758,True,"{'roc_auc': [0.66, 0.75, 0.9400000000000001, 0.75, 0.6900000000000001]}",ok,,sklearn.preprocessing._data.Normalizer,,,,sklearn.ensemble._forest.ExtraTreesClassifier,"{'bootstrap': 'False', 'criterion': 'entropy', 'max_depth': 'None', 'max_features': 0.9335326434913196, 'max_leaf_nodes': 'None', 'min_impurity_decrease': 0.0, 'min_samples_leaf': 20, 'min_samples_split': 18, 'min_weight_fraction_leaf': 0.0}"
92,1720685382.755996,1.796553373336792,"Pipeline(steps=[('data-pre-processor', Normalizer()),
                ('learner',
                 ExtraTreesClassifier(bootstrap=True, criterion='entropy',
                                      max_features=0.7259414052798338,
                                      min_samples_leaf=7, min_samples_split=14,
                                      n_estimators=512, warm_start=True))])",False,0.734,True,"{'roc_auc': [0.77, 0.7999999999999999, 0.81, 0.64, 0.6499999999999999]}",ok,,sklearn.preprocessing._data.Normalizer,,,,sklearn.ensemble._forest.ExtraTreesClassifier,"{'bootstrap': 'True', 'criterion': 'entropy', 'max_depth': 'None', 'max_features': 0.7259414052798338, 'max_leaf_nodes': 'None', 'min_impurity_decrease': 0.0, 'min_samples_leaf': 7, 'min_samples_split': 14, 'min_weight_fraction_leaf': 0.0}"
93,1720685384.5539486,1.3360610008239746,"Pipeline(steps=[('data-pre-processor', Normalizer()),
                ('learner',
                 ExtraTreesClassifier(bootstrap=True, criterion='entropy',
                                      max_features=0.3768692999996659,
                                      min_samples_leaf=9, min_samples_split=8,
                                      n_estimators=512, warm_start=True))])",False,0.762,True,"{'roc_auc': [0.7300000000000001, 0.67, 0.85, 0.76, 0.8]}",ok,,sklearn.preprocessing._data.Normalizer,,,,sklearn.ensemble._forest.ExtraTreesClassifier,"{'bootstrap': 'True', 'criterion': 'entropy', 'max_depth': 'None', 'max_features': 0.3768692999996659, 'max_leaf_nodes': 'None', 'min_impurity_decrease': 0.0, 'min_samples_leaf': 9, 'min_samples_split': 8, 'min_weight_fraction_leaf': 0.0}"
94,1720685385.891478,1.2233567237854004,"Pipeline(steps=[('data-pre-processor', Normalizer()),
                ('learner',
                 ExtraTreesClassifier(max_features=0.48298234103929394,
                                      min_samples_leaf=14, min_samples_split=15,
                                      n_estimators=512, warm_start=True))])",False,0.766,True,"{'roc_auc': [0.6100000000000001, 0.8700000000000001, 0.7300000000000001, 0.7100000000000001, 0.91]}",ok,,sklearn.preprocessing._data.Normalizer,,,,sklearn.ensemble._forest.ExtraTreesClassifier,"{'bootstrap': 'False', 'criterion': 'gini', 'max_depth': 'None', 'max_features': 0.48298234103929394, 'max_leaf_nodes': 'None', 'min_impurity_decrease': 0.0, 'min_samples_leaf': 14, 'min_samples_split': 15, 'min_weight_fraction_leaf': 0.0}"
95,1720685387.1162062,2.476834535598755,"Pipeline(steps=[('data-pre-processor', Normalizer()),
                ('learner',
                 ExtraTreesClassifier(bootstrap=True, criterion='entropy',
                                      max_features=0.7074865514350775,
                                      min_samples_leaf=2, min_samples_split=4,
                                      n_estimators=512, warm_start=True))])",False,0.856,True,"{'roc_auc': [0.79, 0.82, 0.85, 0.9, 0.92]}",ok,,sklearn.preprocessing._data.Normalizer,,,,sklearn.ensemble._forest.ExtraTreesClassifier,"{'bootstrap': 'True', 'criterion': 'entropy', 'max_depth': 'None', 'max_features': 0.7074865514350775, 'max_leaf_nodes': 'None', 'min_impurity_decrease': 0.0, 'min_samples_leaf': 2, 'min_samples_split': 4, 'min_weight_fraction_leaf': 0.0}"
96,1720685389.5944417,1.3347251415252686,"Pipeline(steps=[('data-pre-processor', Normalizer()),
                ('learner',
                 ExtraTreesClassifier(max_features=0.22422638453889498,
                                      min_samples_leaf=4, min_samples_split=7,
                                      n_estimators=512, warm_start=True))])",False,0.658,True,"{'roc_auc': [0.5599999999999999, 0.78, 0.68, 0.6499999999999999, 0.62]}",ok,,sklearn.preprocessing._data.Normalizer,,,,sklearn.ensemble._forest.ExtraTreesClassifier,"{'bootstrap': 'False', 'criterion': 'gini', 'max_depth': 'None', 'max_features': 0.22422638453889498, 'max_leaf_nodes': 'None', 'min_impurity_decrease': 0.0, 'min_samples_leaf': 4, 'min_samples_split': 7, 'min_weight_fraction_leaf': 0.0}"
97,1720685390.9305434,1.2893526554107666,"Pipeline(steps=[('data-pre-processor', Normalizer()),
                ('learner',
                 ExtraTreesClassifier(bootstrap=True,
                                      max_features=0.3875944842240905,
                                      min_samples_leaf=10, min_samples_split=11,
                                      n_estimators=512, warm_start=True))])",False,0.798,True,"{'roc_auc': [0.81, 0.7599999999999999, 0.83, 0.7000000000000001, 0.89]}",ok,,sklearn.preprocessing._data.Normalizer,,,,sklearn.ensemble._forest.ExtraTreesClassifier,"{'bootstrap': 'True', 'criterion': 'gini', 'max_depth': 'None', 'max_features': 0.3875944842240905, 'max_leaf_nodes': 'None', 'min_impurity_decrease': 0.0, 'min_samples_leaf': 10, 'min_samples_split': 11, 'min_weight_fraction_leaf': 0.0}"
98,1720685392.2212949,1.454444408416748,"Pipeline(steps=[('data-pre-processor', Normalizer()),
                ('learner',
                 ExtraTreesClassifier(criterion='entropy',
                                      max_features=0.5202428476878852,
                                      min_samples_leaf=11, min_samples_split=16,
                                      n_estimators=512, warm_start=True))])",False,0.782,True,"{'roc_auc': [0.72, 0.83, 0.95, 0.6900000000000001, 0.7200000000000001]}",ok,,sklearn.preprocessing._data.Normalizer,,,,sklearn.ensemble._forest.ExtraTreesClassifier,"{'bootstrap': 'False', 'criterion': 'entropy', 'max_depth': 'None', 'max_features': 0.5202428476878852, 'max_leaf_nodes': 'None', 'min_impurity_decrease': 0.0, 'min_samples_leaf': 11, 'min_samples_split': 16, 'min_weight_fraction_leaf': 0.0}"
99,1720685393.67715,0.8857531547546387,"Pipeline(steps=[('data-pre-processor', Normalizer()),
                ('learner',
                 ExtraTreesClassifier(max_features=0.2237562609180057,
                                      min_samples_leaf=17, min_samples_split=7,
                                      n_estimators=512, warm_start=True))])",False,0.768,True,"{'roc_auc': [0.7600000000000001, 0.74, 0.87, 0.69, 0.78]}",ok,,sklearn.preprocessing._data.Normalizer,,,,sklearn.ensemble._forest.ExtraTreesClassifier,"{'bootstrap': 'False', 'criterion': 'gini', 'max_depth': 'None', 'max_features': 0.2237562609180057, 'max_leaf_nodes': 'None', 'min_impurity_decrease': 0.0, 'min_samples_leaf': 17, 'min_samples_split': 7, 'min_weight_fraction_leaf': 0.0}"
100,1720685394.5643005,1.8720016479492188,"Pipeline(steps=[('data-pre-processor', Normalizer()),
                ('learner',
                 ExtraTreesClassifier(max_features=0.6850722922765748,
                                      min_samples_leaf=7, min_samples_split=18,
                                      n_estimators=512, warm_start=True))])",False,0.746,True,"{'roc_auc': [0.64, 0.8000000000000002, 0.8600000000000001, 0.72, 0.71]}",ok,,sklearn.preprocessing._data.Normalizer,,,,sklearn.ensemble._forest.ExtraTreesClassifier,"{'bootstrap': 'False', 'criterion': 'gini', 'max_depth': 'None', 'max_features': 0.6850722922765748, 'max_leaf_nodes': 'None', 'min_impurity_decrease': 0.0, 'min_samples_leaf': 7, 'min_samples_split': 18, 'min_weight_fraction_leaf': 0.0}"
101,1720685396.4376917,1.4968421459197998,"Pipeline(steps=[('data-pre-processor', Normalizer()),
                ('learner',
                 ExtraTreesClassifier(criterion='entropy',
                                      max_features=0.7714313934760095,
                                      min_samples_leaf=15, min_samples_split=14,
                                      n_estimators=512, warm_start=True))])",False,0.716,True,"{'roc_auc': [0.77, 0.6500000000000001, 0.74, 0.55, 0.87]}",ok,,sklearn.preprocessing._data.Normalizer,,,,sklearn.ensemble._forest.ExtraTreesClassifier,"{'bootstrap': 'False', 'criterion': 'entropy', 'max_depth': 'None', 'max_features': 0.7714313934760095, 'max_leaf_nodes': 'None', 'min_impurity_decrease': 0.0, 'min_samples_leaf': 15, 'min_samples_split': 14, 'min_weight_fraction_leaf': 0.0}"
102,1720685397.9358861,1.3025670051574707,"Pipeline(steps=[('data-pre-processor', Normalizer()),
                ('learner',
                 ExtraTreesClassifier(bootstrap=True, criterion='entropy',
                                      max_features=0.2056223159788767,
                                      min_samples_leaf=3, min_samples_split=16,
                                      n_estimators=512, warm_start=True))])",False,0.8,True,"{'roc_auc': [0.8, 0.6599999999999999, 0.8, 0.84, 0.9]}",ok,,sklearn.preprocessing._data.Normalizer,,,,sklearn.ensemble._forest.ExtraTreesClassifier,"{'bootstrap': 'True', 'criterion': 'entropy', 'max_depth': 'None', 'max_features': 0.2056223159788767, 'max_leaf_nodes': 'None', 'min_impurity_decrease': 0.0, 'min_samples_leaf': 3, 'min_samples_split': 16, 'min_weight_fraction_leaf': 0.0}"
103,1720685399.2398682,1.083815336227417,"Pipeline(steps=[('data-pre-processor', Normalizer()),
                ('learner',
                 ExtraTreesClassifier(bootstrap=True,
                                      max_features=0.2630385994263763,
                                      min_samples_leaf=20, min_samples_split=14,
                                      n_estimators=512, warm_start=True))])",False,0.786,True,"{'roc_auc': [0.7200000000000001, 0.67, 0.75, 0.89, 0.9]}",ok,,sklearn.preprocessing._data.Normalizer,,,,sklearn.ensemble._forest.ExtraTreesClassifier,"{'bootstrap': 'True', 'criterion': 'gini', 'max_depth': 'None', 'max_features': 0.2630385994263763, 'max_leaf_nodes': 'None', 'min_impurity_decrease': 0.0, 'min_samples_leaf': 20, 'min_samples_split': 14, 'min_weight_fraction_leaf': 0.0}"
104,1720685400.3250947,1.0688352584838867,"Pipeline(steps=[('data-pre-processor', Normalizer()),
                ('learner',
                 ExtraTreesClassifier(bootstrap=True,
                                      max_features=0.22895149780405466,
                                      min_samples_leaf=20, min_samples_split=12,
                                      n_estimators=512, warm_start=True))])",False,0.728,True,"{'roc_auc': [0.7, 0.8599999999999999, 0.6599999999999999, 0.81, 0.61]}",ok,,sklearn.preprocessing._data.Normalizer,,,,sklearn.ensemble._forest.ExtraTreesClassifier,"{'bootstrap': 'True', 'criterion': 'gini', 'max_depth': 'None', 'max_features': 0.22895149780405466, 'max_leaf_nodes': 'None', 'min_impurity_decrease': 0.0, 'min_samples_leaf': 20, 'min_samples_split': 12, 'min_weight_fraction_leaf': 0.0}"
105,1720685401.395334,2.56796932220459,"Pipeline(steps=[('data-pre-processor', Normalizer()),
                ('learner',
                 ExtraTreesClassifier(criterion='entropy',
                                      max_features=0.8839732210807045,
                                      min_samples_leaf=4, min_samples_split=16,
                                      n_estimators=512, warm_start=True))])",False,0.68,True,"{'roc_auc': [0.72, 0.7600000000000001, 0.6, 0.79, 0.53]}",ok,,sklearn.preprocessing._data.Normalizer,,,,sklearn.ensemble._forest.ExtraTreesClassifier,"{'bootstrap': 'False', 'criterion': 'entropy', 'max_depth': 'None', 'max_features': 0.8839732210807045, 'max_leaf_nodes': 'None', 'min_impurity_decrease': 0.0, 'min_samples_leaf': 4, 'min_samples_split': 16, 'min_weight_fraction_leaf': 0.0}"
106,1720685403.9647572,1.8718996047973633,"Pipeline(steps=[('data-pre-processor', Normalizer()),
                ('learner',
                 ExtraTreesClassifier(max_features=0.532837056931222,
                                      min_samples_leaf=3, min_samples_split=15,
                                      n_estimators=512, warm_start=True))])",False,0.68,True,"{'roc_auc': [0.39999999999999997, 0.7000000000000001, 0.7000000000000001, 0.73, 0.8700000000000001]}",ok,,sklearn.preprocessing._data.Normalizer,,,,sklearn.ensemble._forest.ExtraTreesClassifier,"{'bootstrap': 'False', 'criterion': 'gini', 'max_depth': 'None', 'max_features': 0.532837056931222, 'max_leaf_nodes': 'None', 'min_impurity_decrease': 0.0, 'min_samples_leaf': 3, 'min_samples_split': 15, 'min_weight_fraction_leaf': 0.0}"
107,1720685405.8380675,1.3832361698150635,"Pipeline(steps=[('data-pre-processor', Normalizer()),
                ('learner',
                 ExtraTreesClassifier(bootstrap=True,
                                      max_features=0.36446806157025924,
                                      min_samples_leaf=6, min_samples_split=16,
                                      n_estimators=512, warm_start=True))])",False,0.806,True,"{'roc_auc': [0.88, 0.88, 0.82, 0.81, 0.6399999999999999]}",ok,,sklearn.preprocessing._data.Normalizer,,,,sklearn.ensemble._forest.ExtraTreesClassifier,"{'bootstrap': 'True', 'criterion': 'gini', 'max_depth': 'None', 'max_features': 0.36446806157025924, 'max_leaf_nodes': 'None', 'min_impurity_decrease': 0.0, 'min_samples_leaf': 6, 'min_samples_split': 16, 'min_weight_fraction_leaf': 0.0}"
108,1720685407.222742,1.8967933654785156,"Pipeline(steps=[('data-pre-processor', Normalizer()),
                ('learner',
                 ExtraTreesClassifier(bootstrap=True, criterion='entropy',
                                      max_features=0.8226372809297972,
                                      min_samples_leaf=4, min_samples_split=20,
                                      n_estimators=512, warm_start=True))])",False,0.808,True,"{'roc_auc': [0.63, 0.8699999999999999, 0.88, 0.76, 0.9]}",ok,,sklearn.preprocessing._data.Normalizer,,,,sklearn.ensemble._forest.ExtraTreesClassifier,"{'bootstrap': 'True', 'criterion': 'entropy', 'max_depth': 'None', 'max_features': 0.8226372809297972, 'max_leaf_nodes': 'None', 'min_impurity_decrease': 0.0, 'min_samples_leaf': 4, 'min_samples_split': 20, 'min_weight_fraction_leaf': 0.0}"
109,1720685409.1210132,1.817145586013794,"Pipeline(steps=[('data-pre-processor', Normalizer()),
                ('learner',
                 ExtraTreesClassifier(bootstrap=True, criterion='entropy',
                                      max_features=0.3270373467830283,
                                      min_samples_split=6, n_estimators=512,
                                      warm_start=True))])",False,0.77,True,"{'roc_auc': [0.69, 0.9, 0.75, 0.7300000000000001, 0.78]}",ok,,sklearn.preprocessing._data.Normalizer,,,,sklearn.ensemble._forest.ExtraTreesClassifier,"{'bootstrap': 'True', 'criterion': 'entropy', 'max_depth': 'None', 'max_features': 0.3270373467830283, 'max_leaf_nodes': 'None', 'min_impurity_decrease': 0.0, 'min_samples_leaf': 1, 'min_samples_split': 6, 'min_weight_fraction_leaf': 0.0}"
110,1720685410.9395766,0.9383714199066162,"Pipeline(steps=[('data-pre-processor', Normalizer()),
                ('learner',
                 ExtraTreesClassifier(max_features=0.23967053759822654,
                                      min_samples_leaf=15, min_samples_split=6,
                                      n_estimators=512, warm_start=True))])",False,0.808,True,"{'roc_auc': [0.6799999999999999, 0.95, 0.66, 0.88, 0.8699999999999999]}",ok,,sklearn.preprocessing._data.Normalizer,,,,sklearn.ensemble._forest.ExtraTreesClassifier,"{'bootstrap': 'False', 'criterion': 'gini', 'max_depth': 'None', 'max_features': 0.23967053759822654, 'max_leaf_nodes': 'None', 'min_impurity_decrease': 0.0, 'min_samples_leaf': 15, 'min_samples_split': 6, 'min_weight_fraction_leaf': 0.0}"
111,1720685411.8794224,1.2610204219818115,"Pipeline(steps=[('data-pre-processor', Normalizer()),
                ('learner',
                 ExtraTreesClassifier(bootstrap=True,
                                      max_features=0.389801527605143,
                                      min_samples_leaf=11, min_samples_split=13,
                                      n_estimators=512, warm_start=True))])",False,0.74,True,"{'roc_auc': [0.74, 0.79, 0.71, 0.73, 0.73]}",ok,,sklearn.preprocessing._data.Normalizer,,,,sklearn.ensemble._forest.ExtraTreesClassifier,"{'bootstrap': 'True', 'criterion': 'gini', 'max_depth': 'None', 'max_features': 0.389801527605143, 'max_leaf_nodes': 'None', 'min_impurity_decrease': 0.0, 'min_samples_leaf': 11, 'min_samples_split': 13, 'min_weight_fraction_leaf': 0.0}"
112,1720685413.1418273,1.1009399890899658,"Pipeline(steps=[('data-pre-processor', Normalizer()),
                ('learner',
                 ExtraTreesClassifier(bootstrap=True, criterion='entropy',
                                      max_features=0.09378271764468982,
                                      min_samples_leaf=8, min_samples_split=13,
                                      n_estimators=512, warm_start=True))])",False,0.778,True,"{'roc_auc': [0.92, 0.83, 0.78, 0.6699999999999999, 0.69]}",ok,,sklearn.preprocessing._data.Normalizer,,,,sklearn.ensemble._forest.ExtraTreesClassifier,"{'bootstrap': 'True', 'criterion': 'entropy', 'max_depth': 'None', 'max_features': 0.09378271764468982, 'max_leaf_nodes': 'None', 'min_impurity_decrease': 0.0, 'min_samples_leaf': 8, 'min_samples_split': 13, 'min_weight_fraction_leaf': 0.0}"
113,1720685414.2441502,1.0826668739318848,"Pipeline(steps=[('data-pre-processor', Normalizer()),
                ('learner',
                 ExtraTreesClassifier(bootstrap=True, criterion='entropy',
                                      max_features=0.16135559635341712,
                                      min_samples_leaf=13, n_estimators=512,
                                      warm_start=True))])",False,0.75,True,"{'roc_auc': [0.6400000000000001, 0.72, 0.65, 0.81, 0.9299999999999999]}",ok,,sklearn.preprocessing._data.Normalizer,,,,sklearn.ensemble._forest.ExtraTreesClassifier,"{'bootstrap': 'True', 'criterion': 'entropy', 'max_depth': 'None', 'max_features': 0.16135559635341712, 'max_leaf_nodes': 'None', 'min_impurity_decrease': 0.0, 'min_samples_leaf': 13, 'min_samples_split': 2, 'min_weight_fraction_leaf': 0.0}"
114,1720685415.3281965,1.3118445873260498,"Pipeline(steps=[('data-pre-processor', Normalizer()),
                ('learner',
                 ExtraTreesClassifier(bootstrap=True,
                                      max_features=0.9822934605311172,
                                      min_samples_leaf=18, min_samples_split=5,
                                      n_estimators=512, warm_start=True))])",False,0.772,True,"{'roc_auc': [0.85, 0.9200000000000002, 0.5800000000000001, 0.78, 0.73]}",ok,,sklearn.preprocessing._data.Normalizer,,,,sklearn.ensemble._forest.ExtraTreesClassifier,"{'bootstrap': 'True', 'criterion': 'gini', 'max_depth': 'None', 'max_features': 0.9822934605311172, 'max_leaf_nodes': 'None', 'min_impurity_decrease': 0.0, 'min_samples_leaf': 18, 'min_samples_split': 5, 'min_weight_fraction_leaf': 0.0}"
115,1720685416.6413994,1.5783967971801758,"Pipeline(steps=[('data-pre-processor', Normalizer()),
                ('learner',
                 ExtraTreesClassifier(criterion='entropy',
                                      max_features=0.2894774280417194,
                                      min_samples_leaf=4, min_samples_split=5,
                                      n_estimators=512, warm_start=True))])",False,0.844,True,"{'roc_auc': [0.7600000000000001, 0.9299999999999999, 0.91, 0.79, 0.8300000000000001]}",ok,,sklearn.preprocessing._data.Normalizer,,,,sklearn.ensemble._forest.ExtraTreesClassifier,"{'bootstrap': 'False', 'criterion': 'entropy', 'max_depth': 'None', 'max_features': 0.2894774280417194, 'max_leaf_nodes': 'None', 'min_impurity_decrease': 0.0, 'min_samples_leaf': 4, 'min_samples_split': 5, 'min_weight_fraction_leaf': 0.0}"
116,1720685418.2211637,1.9359383583068848,"Pipeline(steps=[('data-pre-processor', Normalizer()),
                ('learner',
                 ExtraTreesClassifier(bootstrap=True, criterion='entropy',
                                      max_features=0.8500951432385608,
                                      min_samples_leaf=4, min_samples_split=19,
                                      n_estimators=512, warm_start=True))])",False,0.692,True,"{'roc_auc': [0.5700000000000001, 0.8300000000000001, 0.78, 0.71, 0.5700000000000001]}",ok,,sklearn.preprocessing._data.Normalizer,,,,sklearn.ensemble._forest.ExtraTreesClassifier,"{'bootstrap': 'True', 'criterion': 'entropy', 'max_depth': 'None', 'max_features': 0.8500951432385608, 'max_leaf_nodes': 'None', 'min_impurity_decrease': 0.0, 'min_samples_leaf': 4, 'min_samples_split': 19, 'min_weight_fraction_leaf': 0.0}"
117,1720685420.1585104,1.8637721538543701,"Pipeline(steps=[('data-pre-processor', Normalizer()),
                ('learner',
                 ExtraTreesClassifier(criterion='entropy',
                                      max_features=0.4091994662218862,
                                      min_samples_split=15, n_estimators=512,
                                      warm_start=True))])",False,0.696,True,"{'roc_auc': [0.7000000000000001, 0.61, 0.79, 0.72, 0.6599999999999999]}",ok,,sklearn.preprocessing._data.Normalizer,,,,sklearn.ensemble._forest.ExtraTreesClassifier,"{'bootstrap': 'False', 'criterion': 'entropy', 'max_depth': 'None', 'max_features': 0.4091994662218862, 'max_leaf_nodes': 'None', 'min_impurity_decrease': 0.0, 'min_samples_leaf': 1, 'min_samples_split': 15, 'min_weight_fraction_leaf': 0.0}"
118,1720685422.0237217,0.9814512729644775,"Pipeline(steps=[('data-pre-processor', Normalizer()),
                ('learner',
                 ExtraTreesClassifier(bootstrap=True,
                                      max_features=0.04694816256523526,
                                      min_samples_leaf=19, min_samples_split=18,
                                      n_estimators=512, warm_start=True))])",False,0.714,True,"{'roc_auc': [0.57, 0.89, 0.6500000000000001, 0.7300000000000001, 0.73]}",ok,,sklearn.preprocessing._data.Normalizer,,,,sklearn.ensemble._forest.ExtraTreesClassifier,"{'bootstrap': 'True', 'criterion': 'gini', 'max_depth': 'None', 'max_features': 0.04694816256523526, 'max_leaf_nodes': 'None', 'min_impurity_decrease': 0.0, 'min_samples_leaf': 19, 'min_samples_split': 18, 'min_weight_fraction_leaf': 0.0}"
119,1720685423.0066354,1.3256916999816895,"Pipeline(steps=[('data-pre-processor', Normalizer()),
                ('learner',
                 ExtraTreesClassifier(bootstrap=True,
                                      max_features=0.860671182615108,
                                      min_samples_leaf=16, min_samples_split=11,
                                      n_estimators=512, warm_start=True))])",False,0.686,True,"{'roc_auc': [0.7999999999999999, 0.7200000000000001, 0.5499999999999999, 0.7000000000000001, 0.66]}",ok,,sklearn.preprocessing._data.Normalizer,,,,sklearn.ensemble._forest.ExtraTreesClassifier,"{'bootstrap': 'True', 'criterion': 'gini', 'max_depth': 'None', 'max_features': 0.860671182615108, 'max_leaf_nodes': 'None', 'min_impurity_decrease': 0.0, 'min_samples_leaf': 16, 'min_samples_split': 11, 'min_weight_fraction_leaf': 0.0}"
120,1720685424.3337107,1.2398970127105713,"Pipeline(steps=[('data-pre-processor', Normalizer()),
                ('learner',
                 ExtraTreesClassifier(bootstrap=True, criterion='entropy',
                                      max_features=0.2919770120740873,
                                      min_samples_leaf=10, min_samples_split=6,
                                      n_estimators=512, warm_start=True))])",False,0.734,True,"{'roc_auc': [0.64, 0.74, 0.82, 0.6400000000000001, 0.8300000000000001]}",ok,,sklearn.preprocessing._data.Normalizer,,,,sklearn.ensemble._forest.ExtraTreesClassifier,"{'bootstrap': 'True', 'criterion': 'entropy', 'max_depth': 'None', 'max_features': 0.2919770120740873, 'max_leaf_nodes': 'None', 'min_impurity_decrease': 0.0, 'min_samples_leaf': 10, 'min_samples_split': 6, 'min_weight_fraction_leaf': 0.0}"
121,1720685425.5750036,1.763920545578003,"Pipeline(steps=[('data-pre-processor', Normalizer()),
                ('learner',
                 ExtraTreesClassifier(max_features=0.6213617760015125,
                                      min_samples_leaf=8, min_samples_split=8,
                                      n_estimators=512, warm_start=True))])",False,0.696,True,"{'roc_auc': [0.73, 0.71, 0.56, 0.7099999999999999, 0.77]}",ok,,sklearn.preprocessing._data.Normalizer,,,,sklearn.ensemble._forest.ExtraTreesClassifier,"{'bootstrap': 'False', 'criterion': 'gini', 'max_depth': 'None', 'max_features': 0.6213617760015125, 'max_leaf_nodes': 'None', 'min_impurity_decrease': 0.0, 'min_samples_leaf': 8, 'min_samples_split': 8, 'min_weight_fraction_leaf': 0.0}"
122,1720685427.3402824,1.4929137229919434,"Pipeline(steps=[('data-pre-processor', Normalizer()),
                ('learner',
                 ExtraTreesClassifier(bootstrap=True,
                                      max_features=0.664766666734102,
                                      min_samples_leaf=10, min_samples_split=16,
                                      n_estimators=512, warm_start=True))])",False,0.744,True,"{'roc_auc': [0.71, 0.6900000000000001, 0.73, 0.87, 0.7200000000000001]}",ok,,sklearn.preprocessing._data.Normalizer,,,,sklearn.ensemble._forest.ExtraTreesClassifier,"{'bootstrap': 'True', 'criterion': 'gini', 'max_depth': 'None', 'max_features': 0.664766666734102, 'max_leaf_nodes': 'None', 'min_impurity_decrease': 0.0, 'min_samples_leaf': 10, 'min_samples_split': 16, 'min_weight_fraction_leaf': 0.0}"
123,1720685428.834584,1.637075424194336,"Pipeline(steps=[('data-pre-processor', Normalizer()),
                ('learner',
                 ExtraTreesClassifier(bootstrap=True, criterion='entropy',
                                      max_features=0.5724132489396593,
                                      min_samples_leaf=7, min_samples_split=9,
                                      n_estimators=512, warm_start=True))])",False,0.73,True,"{'roc_auc': [0.64, 0.7, 0.79, 0.8300000000000001, 0.6900000000000001]}",ok,,sklearn.preprocessing._data.Normalizer,,,,sklearn.ensemble._forest.ExtraTreesClassifier,"{'bootstrap': 'True', 'criterion': 'entropy', 'max_depth': 'None', 'max_features': 0.5724132489396593, 'max_leaf_nodes': 'None', 'min_impurity_decrease': 0.0, 'min_samples_leaf': 7, 'min_samples_split': 9, 'min_weight_fraction_leaf': 0.0}"
124,1720685430.473062,2.283259391784668,"Pipeline(steps=[('data-pre-processor', Normalizer()),
                ('learner',
                 ExtraTreesClassifier(criterion='entropy',
                                      max_features=0.8590740249462865,
                                      min_samples_leaf=6, min_samples_split=18,
                                      n_estimators=512, warm_start=True))])",False,0.776,True,"{'roc_auc': [0.68, 0.8500000000000001, 0.74, 0.75, 0.86]}",ok,,sklearn.preprocessing._data.Normalizer,,,,sklearn.ensemble._forest.ExtraTreesClassifier,"{'bootstrap': 'False', 'criterion': 'entropy', 'max_depth': 'None', 'max_features': 0.8590740249462865, 'max_leaf_nodes': 'None', 'min_impurity_decrease': 0.0, 'min_samples_leaf': 6, 'min_samples_split': 18, 'min_weight_fraction_leaf': 0.0}"
125,1720685432.7577188,1.9939451217651367,"Pipeline(steps=[('data-pre-processor', Normalizer()),
                ('learner',
                 ExtraTreesClassifier(max_features=0.7452758111023972,
                                      min_samples_leaf=8, min_samples_split=14,
                                      n_estimators=512, warm_start=True))])",False,0.74,True,"{'roc_auc': [0.8600000000000001, 0.76, 0.9600000000000001, 0.69, 0.43000000000000005]}",ok,,sklearn.preprocessing._data.Normalizer,,,,sklearn.ensemble._forest.ExtraTreesClassifier,"{'bootstrap': 'False', 'criterion': 'gini', 'max_depth': 'None', 'max_features': 0.7452758111023972, 'max_leaf_nodes': 'None', 'min_impurity_decrease': 0.0, 'min_samples_leaf': 8, 'min_samples_split': 14, 'min_weight_fraction_leaf': 0.0}"
126,1720685434.7530704,1.464252233505249,"Pipeline(steps=[('data-pre-processor', Normalizer()),
                ('learner',
                 ExtraTreesClassifier(max_features=0.4495282586778253,
                                      min_samples_leaf=7, min_samples_split=19,
                                      n_estimators=512, warm_start=True))])",False,0.716,True,"{'roc_auc': [0.65, 0.8400000000000001, 0.7000000000000001, 0.5900000000000001, 0.8]}",ok,,sklearn.preprocessing._data.Normalizer,,,,sklearn.ensemble._forest.ExtraTreesClassifier,"{'bootstrap': 'False', 'criterion': 'gini', 'max_depth': 'None', 'max_features': 0.4495282586778253, 'max_leaf_nodes': 'None', 'min_impurity_decrease': 0.0, 'min_samples_leaf': 7, 'min_samples_split': 19, 'min_weight_fraction_leaf': 0.0}"
127,1720685436.2187355,1.0202419757843018,"Pipeline(steps=[('data-pre-processor', Normalizer()),
                ('learner',
                 ExtraTreesClassifier(criterion='entropy',
                                      max_features=0.06939787721275237,
                                      min_samples_split=9, n_estimators=512,
                                      warm_start=True))])",False,0.698,True,"{'roc_auc': [0.86, 0.7000000000000001, 0.65, 0.59, 0.6900000000000001]}",ok,,sklearn.preprocessing._data.Normalizer,,,,sklearn.ensemble._forest.ExtraTreesClassifier,"{'bootstrap': 'False', 'criterion': 'entropy', 'max_depth': 'None', 'max_features': 0.06939787721275237, 'max_leaf_nodes': 'None', 'min_impurity_decrease': 0.0, 'min_samples_leaf': 1, 'min_samples_split': 9, 'min_weight_fraction_leaf': 0.0}"
128,1720685437.2403555,1.592679738998413,"Pipeline(steps=[('data-pre-processor', Normalizer()),
                ('learner',
                 ExtraTreesClassifier(max_features=0.8775090666549736,
                                      min_samples_leaf=15, min_samples_split=6,
                                      n_estimators=512, warm_start=True))])",False,0.776,True,"{'roc_auc': [0.6799999999999999, 0.7100000000000001, 0.72, 0.9500000000000001, 0.8200000000000001]}",ok,,sklearn.preprocessing._data.Normalizer,,,,sklearn.ensemble._forest.ExtraTreesClassifier,"{'bootstrap': 'False', 'criterion': 'gini', 'max_depth': 'None', 'max_features': 0.8775090666549736, 'max_leaf_nodes': 'None', 'min_impurity_decrease': 0.0, 'min_samples_leaf': 15, 'min_samples_split': 6, 'min_weight_fraction_leaf': 0.0}"
129,1720685438.834403,1.3422319889068604,"Pipeline(steps=[('data-pre-processor', Normalizer()),
                ('learner',
                 ExtraTreesClassifier(max_features=0.5057606086977705,
                                      min_samples_leaf=12, min_samples_split=18,
                                      n_estimators=512, warm_start=True))])",False,0.772,True,"{'roc_auc': [0.79, 0.6699999999999999, 0.74, 0.8500000000000001, 0.8099999999999999]}",ok,,sklearn.preprocessing._data.Normalizer,,,,sklearn.ensemble._forest.ExtraTreesClassifier,"{'bootstrap': 'False', 'criterion': 'gini', 'max_depth': 'None', 'max_features': 0.5057606086977705, 'max_leaf_nodes': 'None', 'min_impurity_decrease': 0.0, 'min_samples_leaf': 12, 'min_samples_split': 18, 'min_weight_fraction_leaf': 0.0}"
130,1720685440.1780596,1.640500783920288,"Pipeline(steps=[('data-pre-processor', Normalizer()),
                ('learner',
                 ExtraTreesClassifier(criterion='entropy',
                                      max_features=0.27528001221625953,
                                      min_samples_leaf=3, min_samples_split=4,
                                      n_estimators=512, warm_start=True))])",False,0.781,True,"{'roc_auc': [0.7000000000000001, 0.67, 0.885, 0.8099999999999999, 0.8400000000000001]}",ok,,sklearn.preprocessing._data.Normalizer,,,,sklearn.ensemble._forest.ExtraTreesClassifier,"{'bootstrap': 'False', 'criterion': 'entropy', 'max_depth': 'None', 'max_features': 0.27528001221625953, 'max_leaf_nodes': 'None', 'min_impurity_decrease': 0.0, 'min_samples_leaf': 3, 'min_samples_split': 4, 'min_weight_fraction_leaf': 0.0}"
